    Blocking waiting for file lock on build directory
crates\species\src\pop_pressure.rs:87:9: warning: unused variable: `pressure`: help: if this is intentional, prefix it with an underscore: `_pressure`
warning: unnecessary parentheses around assigned value
    --> crates\needs\src\lib.rs:1121:23
     |
1121 |         birth_prob /= (1.0 + overcrowding_factor);
     |                       ^                         ^
     |
     = note: `#[warn(unused_parens)]` (part of `#[warn(unused)]`) on by default
help: remove these parentheses
     |
1121 -         birth_prob /= (1.0 + overcrowding_factor);
1121 +         birth_prob /= 1.0 + overcrowding_factor;
     |

warning: unused variable: `age_u16`
  --> crates\needs\src\lifecycle.rs:20:9
   |
20 |     let age_u16 = age.clamp(0.0, u16::MAX as f32) as u16;
   |         ^^^^^^^ help: if this is intentional, prefix it with an underscore: `_age_u16`
   |
   = note: `#[warn(unused_variables)]` (part of `#[warn(unused)]`) on by default

warning: `civ-species` (lib) generated 1 warning (run `cargo fix --lib -p civ-species` to apply 1 suggestion)
warning: `civ-needs` (lib) generated 2 warnings (run `cargo fix --lib -p civ-needs` to apply 2 suggestions)
warning: struct `PlannedAllocator` is never constructed
  --> crates\economy\src\allocation.rs:38:12
   |
38 | pub struct PlannedAllocator;
   |            ^^^^^^^^^^^^^^^^
   |
   = note: `#[warn(dead_code)]` (part of `#[warn(unused)]`) on by default

warning: struct `JouleAllocator` is never constructed
  --> crates\economy\src\allocation.rs:53:12
   |
53 | pub struct JouleAllocator;
   |            ^^^^^^^^^^^^^^

warning: enum `PriorityTier` is never used
   --> crates\economy\src\allocation.rs:124:10
    |
124 | pub enum PriorityTier {
    |          ^^^^^^^^^^^^

warning: function `allocate_by_priority` is never used
   --> crates\economy\src\allocation.rs:141:8
    |
141 | pub fn allocate_by_priority(
    |        ^^^^^^^^^^^^^^^^^^^^

warning: enum `AllocationRegime` is never used
   --> crates\economy\src\allocation.rs:172:10
    |
172 | pub enum AllocationRegime {
    |          ^^^^^^^^^^^^^^^^

warning: function `allocate_with` is never used
   --> crates\economy\src\allocation.rs:188:8
    |
188 | pub fn allocate_with(regime: AllocationRegime, budget: i64, demand: i64) -> i64 {
    |        ^^^^^^^^^^^^^

warning: type alias `GoodId` is never used
   --> crates\economy\src\allocation.rs:202:10
    |
202 | pub type GoodId = u32;
    |          ^^^^^^

warning: constant `SCALE` is never used
   --> crates\economy\src\allocation.rs:211:7
    |
211 | const SCALE: i64 = 10;
    |       ^^^^^

warning: enum `NeedKind` is never used
   --> crates\economy\src\allocation.rs:217:10
    |
217 | pub enum NeedKind {
    |          ^^^^^^^^

warning: struct `AgentNeed` is never constructed
   --> crates\economy\src\allocation.rs:230:12
    |
230 | pub struct AgentNeed {
    |            ^^^^^^^^^

warning: methods `deficit` and `need_units` are never used
   --> crates\economy\src\allocation.rs:243:8
    |
241 | impl AgentNeed {
    | -------------- methods in this implementation
242 |     /// Deficit in `[0.0, 1.0]` (1.0 minus satisfaction, clamped at 0).
243 |     fn deficit(&self) -> f64 {
    |        ^^^^^^^
...
255 |     fn need_units(&self) -> i64 {
    |        ^^^^^^^^^^

warning: struct `AllocationOutcome` is never constructed
   --> crates\economy\src\allocation.rs:280:12
    |
280 | pub struct AllocationOutcome {
    |            ^^^^^^^^^^^^^^^^^

warning: function `subsistence_first_allocate` is never used
   --> crates\economy\src\allocation.rs:317:8
    |
317 | pub fn subsistence_first_allocate(
    |        ^^^^^^^^^^^^^^^^^^^^^^^^^^

warning: constant `STABLE_INFLATION_BP10` is never used
  --> crates\economy\src\currency_trust.rs:61:7
   |
61 | const STABLE_INFLATION_BP10: i64 = 500; // 5 % per tick
   |       ^^^^^^^^^^^^^^^^^^^^^

warning: struct `SettlementTradeFlow` is never constructed
   --> crates\economy\src\market.rs:168:12
    |
168 | pub struct SettlementTradeFlow {
    |            ^^^^^^^^^^^^^^^^^^^

warning: function `settlement_trade_flow` is never used
   --> crates\economy\src\market.rs:190:8
    |
190 | pub fn settlement_trade_flow(
    |        ^^^^^^^^^^^^^^^^^^^^^

warning: struct `TradeOffer` is never constructed
   --> crates\economy\src\stocks.rs:167:12
    |
167 | pub struct TradeOffer {
    |            ^^^^^^^^^^

warning: function `deficit_was_clamped` is never used
   --> crates\economy\src\stocks.rs:182:4
    |
182 | fn deficit_was_clamped(flow: i64, applied: i64) -> bool {
    |    ^^^^^^^^^^^^^^^^^^^

warning: function `step_stocks` is never used
   --> crates\economy\src\stocks.rs:190:8
    |
190 | pub fn step_stocks(stocks: &mut Stocks, profile: &ProductionProfile) {
    |        ^^^^^^^^^^^

warning: function `comparative_advantage` is never used
   --> crates\economy\src\stocks.rs:223:8
    |
223 | pub fn comparative_advantage(profile: &ProductionProfile) -> Good {
    |        ^^^^^^^^^^^^^^^^^^^^^

warning: function `trade_gain` is never used
   --> crates\economy\src\stocks.rs:238:8
    |
238 | pub fn trade_gain(a: &ProductionProfile, b: &ProductionProfile) -> i64 {
    |        ^^^^^^^^^^

warning: function `propose_trade` is never used
   --> crates\economy\src\stocks.rs:252:8
    |
252 | pub fn propose_trade(
    |        ^^^^^^^^^^^^^

warning: function `offer_better` is never used
   --> crates\economy\src\stocks.rs:310:4
    |
310 | fn offer_better(candidate: &TradeOffer, current: &TradeOffer) -> bool {
    |    ^^^^^^^^^^^^

warning: function `apply_trade` is never used
   --> crates\economy\src\stocks.rs:317:8
    |
317 | pub fn apply_trade(a: &mut Stocks, b: &mut Stocks, offer: &TradeOffer) {
    |        ^^^^^^^^^^^

warning: `civ-economy` (lib) generated 24 warnings
crates\civ-emergence-metrics\src\lib.rs:55:1: warning: missing documentation for a module
warning: `civ-emergence-metrics` (lib) generated 1 warning
    Checking civ-engine v0.1.0 (C:\Users\koosh\Dev\Civis-cxA\crates\engine)
error: expected one of `,` or `>`, found `{`
  --> crates\engine\src\culture.rs:65:45
   |
65 | ) -> BTreeMap<u32, ([f32; DIM], [f32; DIM]) {
   |                                             ^ expected one of `,` or `>`
   |
help: you might have meant to end the type parameters here
   |
65 | ) -> BTreeMap<u32, ([f32; DIM], [f32; DIM])> {
   |                                            +

error: variant field name `kind` conflicts with internal tag
   --> crates\engine\src\godtools.rs:598:1
    |
598 | / /// Result of a successful god-tool application. The Bevy
599 | | /// dispatcher surfaces this to the HUD/palette for feedback
600 | | /// (HUD toast, palette chip, undo stack push).
601 | | #[derive(Debug, Clone, PartialEq, Serialize, Deserialize)]
...   |
679 | |     },
680 | | }
    | |_^

error[E0425]: cannot find type `MilitaryUnit` in this scope
  --> crates\engine\src\save.rs:65:27
   |
65 |     military_unit: Option<MilitaryUnit>,
   |                           ^^^^^^^^^^^^ not found in this scope
   |
help: consider importing this struct through its public re-export
   |
 3 + use crate::MilitaryUnit;
   |

error[E0425]: cannot find type `MilitaryUnit` in this scope
   --> crates\engine\src\save.rs:136:42
    |
136 |     for (entity, unit) in world.query::<&MilitaryUnit>().iter() {
    |                                          ^^^^^^^^^^^^ not found in this scope
    |
help: consider importing this struct through its public re-export
    |
  3 + use crate::MilitaryUnit;
    |

error[E0425]: cannot find type `MilitaryUnit` in this scope
   --> crates\engine\src\save.rs:193:30
    |
193 |             || builder.has::<MilitaryUnit>()
    |                              ^^^^^^^^^^^^ not found in this scope
    |
help: consider importing this struct through its public re-export
    |
  3 + use crate::MilitaryUnit;
    |

error[E0603]: enum import `BranchingRegime` is private
  --> crates\engine\src\lib.rs:54:5
   |
54 |     BranchingRegime, EmergenceBranchingState, EmergenceSample,
   |     ^^^^^^^^^^^^^^^ private enum import
   |
note: the enum import `BranchingRegime` is defined here...
  --> crates\engine\src\emergence_metrics.rs:49:81
   |
49 |     classify_regime, rolling_mean_sigma, sigma_a, sigma_score, BranchingLedger, BranchingRegime,
   |                                                                                 ^^^^^^^^^^^^^^^
note: ...and refers to the enum `BranchingRegime` which is defined here
  --> crates\civ-emergence-metrics\src\branching.rs:24:1
   |
24 | pub enum BranchingRegime {
   | ^^^^^^^^^^^^^^^^^^^^^^^^ you could import this directly
help: import `BranchingRegime` through the re-export
   |
54 |     branching::BranchingRegime, EmergenceBranchingState, EmergenceSample,
   |     +++++++++++

warning: unused import: `crate::demographics::DemographicsSnapshot`
  --> crates\engine\src\building_layouts.rs:14:5
   |
14 | use crate::demographics::DemographicsSnapshot;
   |     ^^^^^^^^^^^^^^^^^^^^^^^^^^^^^^^^^^^^^^^^^
   |
   = note: `#[warn(unused_imports)]` (part of `#[warn(unused)]`) on by default

warning: unused imports: `SeedSet` and `spawn_genome_with_divergence`
  --> crates\engine\src\emergence.rs:19:20
   |
19 |     Dna, DnaClass, spawn_genome_with_divergence, SeedDefinition, SeedLibrary, SeedSet,
   |                    ^^^^^^^^^^^^^^^^^^^^^^^^^^^^                               ^^^^^^^

warning: unused import: `CapitalistAllocator`
  --> crates\engine\src\engine.rs:16:37
   |
16 | use civ_economy::{AllocationEngine, CapitalistAllocator, EconomyState, LaborCapacityAllocator, MarketState};
   |                                     ^^^^^^^^^^^^^^^^^^^

warning: unused imports: `SubstrateGradients`, `apply_big_gods_response`, `last_religion_sample`, and `substrate_gradients_for`
  --> crates\engine\src\engine.rs:54:5
   |
54 |     apply_big_gods_response, last_religion_sample, substrate_gradients_for,
   |     ^^^^^^^^^^^^^^^^^^^^^^^  ^^^^^^^^^^^^^^^^^^^^  ^^^^^^^^^^^^^^^^^^^^^^^
55 |     ReligiousProfile, SubstrateGradients,
   |                       ^^^^^^^^^^^^^^^^^^

warning: unused imports: `PACKED_DIRT`, `SAND`, and `STEAM`
   --> crates\engine\src\godtools.rs:108:35
    |
108 |     material::{GRAVEL, LAVA, ORE, PACKED_DIRT, PLANT, SAND, SNOW, STEAM, STONE, WATER},
    |                                   ^^^^^^^^^^^         ^^^^        ^^^^^

warning: use of deprecated function `religion::emerge_belief`: Bool-gated emergence replaced by continuous apply_big_gods_response
  --> crates\engine\src\lib.rs:42:20
   |
42 | pub use religion::{emerge_belief, spread_religion, Belief, BeliefConcept, Religion};
   |                    ^^^^^^^^^^^^^
   |
   = note: `#[warn(deprecated)]` on by default

warning: use of deprecated function `religion::spread_religion`: Self-contained spread replaced by gradient-coupled response + substrate writes
  --> crates\engine\src\lib.rs:42:35
   |
42 | pub use religion::{emerge_belief, spread_religion, Belief, BeliefConcept, Religion};
   |                                   ^^^^^^^^^^^^^^^

warning: use of deprecated struct `religion::Belief`: Authored belief list is replaced by ReligiousProfile (monitoring, mythic_coherence, uncertainty_reduction)
  --> crates\engine\src\lib.rs:42:52
   |
42 | pub use religion::{emerge_belief, spread_religion, Belief, BeliefConcept, Religion};
   |                                                    ^^^^^^

warning: use of deprecated enum `religion::BeliefConcept`: Authored theology violates the emergence charter; use ReligiousProfile + display_label
  --> crates\engine\src\lib.rs:42:60
   |
42 | pub use religion::{emerge_belief, spread_religion, Belief, BeliefConcept, Religion};
   |                                                            ^^^^^^^^^^^^^

warning: use of deprecated struct `religion::Religion`: Replaced by ReligiousProfile — see spec §2 / §9
  --> crates\engine\src\lib.rs:42:75
   |
42 | pub use religion::{emerge_belief, spread_religion, Belief, BeliefConcept, Religion};
   |                                                                           ^^^^^^^^

warning: use of deprecated enum `religion::BeliefConcept`: Authored theology violates the emergence charter; use ReligiousProfile + display_label
   --> crates\engine\src\religion.rs:462:18
    |
462 |     pub concept: BeliefConcept,
    |                  ^^^^^^^^^^^^^

warning: use of deprecated struct `religion::Belief`: Authored belief list is replaced by ReligiousProfile (monitoring, mythic_coherence, uncertainty_reduction)
   --> crates\engine\src\religion.rs:475:22
    |
475 |     pub beliefs: Vec<Belief>,
    |                      ^^^^^^

warning: use of deprecated struct `religion::Belief`: Authored belief list is replaced by ReligiousProfile (monitoring, mythic_coherence, uncertainty_reduction)
   --> crates\engine\src\religion.rs:489:94
    |
489 | pub fn emerge_belief(_hardship: f32, _group_size: u32, _agent_detection_bias: f32) -> Option<Belief> {
    |                                                                                              ^^^^^^

warning: use of deprecated struct `religion::Religion`: Replaced by ReligiousProfile — see spec §2 / §9
   --> crates\engine\src\religion.rs:500:35
    |
500 | pub fn spread_religion(_rel: &mut Religion, _nearby_agents: u32, _tick: u64) {}
    |                                   ^^^^^^^^

error[E0616]: field `last_tick_disaster_events` of struct `Simulation` is private
  --> crates\engine\src\disasters.rs:51:9
   |
51 |     sim.last_tick_disaster_events.push(DisasterTickEvent {
   |         ^^^^^^^^^^^^^^^^^^^^^^^^^ private field

error[E0308]: mismatched types
    --> crates\engine\src\disasters.rs:355:26
     |
 355 |     let spent = pool.min(*requested);
     |                      --- ^^^^^^^^^^ expected `&mut FixedI32<UInt<UInt<..., ...>, ...>>`, found `FixedI32<UInt<UInt<..., ...>, ...>>`
     |                      |
     |                      arguments to this method are incorrect
     |
     = note: expected mutable reference `&mut FixedI32<_>`
                           found struct `FixedI32<_>`
help: the return type of this call is `FixedI32<UInt<UInt<UInt<UInt<UInt<UTerm, B1>, B0>, B0>, B0>, B0>>` due to the type of the argument passed
    --> crates\engine\src\disasters.rs:355:17
     |
 355 |     let spent = pool.min(*requested);
     |                 ^^^^^^^^^----------^
     |                          |
     |                          this argument influences the return type of `min`
note: method defined here
    --> C:\Users\koosh\.rustup\toolchains\stable-x86_64-pc-windows-msvc\lib/rustlib/src/rust\library\core\src\cmp.rs:1072:8
     |
1072 |     fn min(self, other: Self) -> Self
     |        ^^^
help: consider removing deref here
     |
 355 -     let spent = pool.min(*requested);
 355 +     let spent = pool.min(requested);
     |

error[E0308]: mismatched types
   --> crates\engine\src\disasters.rs:357:18
    |
357 |     *requested = spent;
    |     ----------   ^^^^^ expected `FixedI32<UInt<UInt<..., ...>, ...>>`, found `&mut FixedI32<UInt<UInt<..., ...>, ...>>`
    |     |
    |     expected due to the type of this binding
    |
    = note:         expected struct `FixedI32<_>`
            found mutable reference `&mut FixedI32<_>`
help: consider dereferencing the borrow
    |
357 |     *requested = *spent;
    |                  +

error[E0277]: cannot subtract-assign `&mut FixedI32<UInt<UInt<UInt<UInt<UInt<UTerm, B1>, B0>, B0>, B0>, B0>>` from `FixedI32<UInt<UInt<UInt<UInt<UInt<UTerm, B1>, B0>, B0>, B0>, B0>>`
   --> crates\engine\src\disasters.rs:356:11
    |
356 |     *pool -= spent;
    |           ^^ no implementation for `FixedI32<UInt<UInt<UInt<UInt<UInt<UTerm, B1>, B0>, B0>, B0>, B0>> -= &mut FixedI32<UInt<UInt<UInt<UInt<UInt<UTerm, B1>, B0>, B0>, B0>, B0>>`
    |
    = help: the trait `SubAssign<&mut FixedI32<UInt<UInt<UInt<UInt<UInt<UTerm, B1>, B0>, B0>, B0>, B0>>>` is not implemented for `FixedI32<UInt<UInt<UInt<UInt<UInt<UTerm, B1>, B0>, B0>, B0>, B0>>`
help: consider dereferencing here
    |
356 |     *pool -= *spent;
    |              +

error[E0308]: mismatched types
    --> crates\engine\src\emergence.rs:434:42
     |
 434 |         let entity_a = self.agent_entity(a_id);
     |                             ------------ ^^^^ expected `u32`, found `u64`
     |                             |
     |                             arguments to this method are incorrect
     |
note: method defined here
    --> crates\engine\src\engine.rs:6308:12
     |
6308 |     pub fn agent_entity(&self, _faction: u32) -> Option<u32> {
     |            ^^^^^^^^^^^^        -------------
help: you can convert a `u64` to a `u32` and panic if the converted value doesn't fit
     |
 434 |         let entity_a = self.agent_entity(a_id.try_into().unwrap());
     |                                              ++++++++++++++++++++

error[E0308]: mismatched types
    --> crates\engine\src\emergence.rs:435:42
     |
 435 |         let entity_b = self.agent_entity(b_id);
     |                             ------------ ^^^^ expected `u32`, found `u64`
     |                             |
     |                             arguments to this method are incorrect
     |
note: method defined here
    --> crates\engine\src\engine.rs:6308:12
     |
6308 |     pub fn agent_entity(&self, _faction: u32) -> Option<u32> {
     |            ^^^^^^^^^^^^        -------------
help: you can convert a `u64` to a `u32` and panic if the converted value doesn't fit
     |
 435 |         let entity_b = self.agent_entity(b_id.try_into().unwrap());
     |                                              ++++++++++++++++++++

error[E0308]: mismatched types
   --> crates\engine\src\emergence.rs:439:34
    |
439 |         self.ensure_social_graph(ea);
    |              ------------------- ^^ expected `Entity`, found `u32`
    |              |
    |              arguments to this method are incorrect
    |
note: method defined here
   --> crates\engine\src\emergence.rs:465:8
    |
465 |     fn ensure_social_graph(&mut self, entity: Entity) {
    |        ^^^^^^^^^^^^^^^^^^^            --------------

error[E0308]: mismatched types
   --> crates\engine\src\emergence.rs:440:34
    |
440 |         self.ensure_social_graph(eb);
    |              ------------------- ^^ expected `Entity`, found `u32`
    |              |
    |              arguments to this method are incorrect
    |
note: method defined here
   --> crates\engine\src\emergence.rs:465:8
    |
465 |     fn ensure_social_graph(&mut self, entity: Entity) {
    |        ^^^^^^^^^^^^^^^^^^^            --------------

error[E0308]: mismatched types
   --> crates\engine\src\emergence.rs:441:64
    |
441 |         if let Ok(mut ga) = self.world.get::<&mut SocialGraph>(ea) {
    |                                        ----------------------- ^^ expected `Entity`, found `u32`
    |                                        |
    |                                        arguments to this method are incorrect
    |
note: method defined here
   --> E:\Dev\.cargo\registry\src\index.crates.io-1949cf8c6b5b557f\hecs-0.10.5\src\world.rs:509:12
    |
509 |     pub fn get<'a, T: ComponentRef<'a>>(
    |            ^^^

error[E0308]: mismatched types
   --> crates\engine\src\emergence.rs:452:64
    |
452 |         if let Ok(mut gb) = self.world.get::<&mut SocialGraph>(eb) {
    |                                        ----------------------- ^^ expected `Entity`, found `u32`
    |                                        |
    |                                        arguments to this method are incorrect
    |
note: method defined here
   --> E:\Dev\.cargo\registry\src\index.crates.io-1949cf8c6b5b557f\hecs-0.10.5\src\world.rs:509:12
    |
509 |     pub fn get<'a, T: ComponentRef<'a>>(
    |            ^^^

error[E0308]: mismatched types
    --> crates\engine\src\emergence.rs:522:58
     |
 522 |                     let other_entity = self.agent_entity(other_id)?;
     |                                             ------------ ^^^^^^^^ expected `u32`, found `u64`
     |                                             |
     |                                             arguments to this method are incorrect
     |
note: method defined here
    --> crates\engine\src\engine.rs:6308:12
     |
6308 |     pub fn agent_entity(&self, _faction: u32) -> Option<u32> {
     |            ^^^^^^^^^^^^        -------------
help: you can convert a `u64` to a `u32` and panic if the converted value doesn't fit
     |
 522 |                     let other_entity = self.agent_entity(other_id.try_into().unwrap())?;
     |                                                                  ++++++++++++++++++++

error[E0308]: mismatched types
   --> crates\engine\src\emergence.rs:525:48
    |
525 |                         .get::<&ClusterMember>(other_entity)
    |                          --------------------- ^^^^^^^^^^^^ expected `Entity`, found `u32`
    |                          |
    |                          arguments to this method are incorrect
    |
note: method defined here
   --> E:\Dev\.cargo\registry\src\index.crates.io-1949cf8c6b5b557f\hecs-0.10.5\src\world.rs:509:12
    |
509 |     pub fn get<'a, T: ComponentRef<'a>>(
    |            ^^^

error[E0063]: missing fields `health` and `rest` in initializer of `civ_agents::Needs`
   --> crates\engine\src\emergence.rs:546:36
    |
546 |                         .unwrap_or(Needs {
    |                                    ^^^^^ missing `health` and `rest`

error[E0061]: this method takes 2 arguments but 1 argument was supplied
    --> crates\engine\src\emergence.rs:688:14
     |
 688 |         self.add_cohesion(awakening_cohesion_gain(awakenings));
     |              ^^^^^^^^^^^^-------------------------------------
     |                          ||
     |                          |expected `u32`, found `i64`
     |                          argument #2 of type `f32` is missing
     |
note: method defined here
    --> crates\engine\src\engine.rs:6306:12
     |
6306 |     pub fn add_cohesion(&mut self, _faction: u32, _delta: f32) {}
     |            ^^^^^^^^^^^^            -------------  -----------
help: you can convert an `i64` to a `u32` and panic if the converted value doesn't fit
     |
 688 |         self.add_cohesion(awakening_cohesion_gain(awakenings).try_into().unwrap());
     |                                                              ++++++++++++++++++++
help: provide the argument
     |
 688 -         self.add_cohesion(awakening_cohesion_gain(awakenings));
 688 +         self.add_cohesion(/* u32 */, /* f32 */);
     |

error[E0308]: mismatched types
    --> crates\engine\src\emergence.rs:847:40
     |
 847 |         let entity = self.agent_entity(agent_id)?;
     |                           ------------ ^^^^^^^^ expected `u32`, found `u64`
     |                           |
     |                           arguments to this method are incorrect
     |
note: method defined here
    --> crates\engine\src\engine.rs:6308:12
     |
6308 |     pub fn agent_entity(&self, _faction: u32) -> Option<u32> {
     |            ^^^^^^^^^^^^        -------------
help: you can convert a `u64` to a `u32` and panic if the converted value doesn't fit
     |
 847 |         let entity = self.agent_entity(agent_id.try_into().unwrap())?;
     |                                                ++++++++++++++++++++

error[E0308]: mismatched types
   --> crates\engine\src\emergence.rs:848:35
    |
848 |         self.world.get::<&Psyche>(entity).ok().map(|p| (*p).clone())
    |                    -------------- ^^^^^^ expected `Entity`, found `u32`
    |                    |
    |                    arguments to this method are incorrect
    |
note: method defined here
   --> E:\Dev\.cargo\registry\src\index.crates.io-1949cf8c6b5b557f\hecs-0.10.5\src\world.rs:509:12
    |
509 |     pub fn get<'a, T: ComponentRef<'a>>(
    |            ^^^

error[E0308]: mismatched types
    --> crates\engine\src\emergence.rs:854:40
     |
 854 |         let entity = self.agent_entity(agent_id)?;
     |                           ------------ ^^^^^^^^ expected `u32`, found `u64`
     |                           |
     |                           arguments to this method are incorrect
     |
note: method defined here
    --> crates\engine\src\engine.rs:6308:12
     |
6308 |     pub fn agent_entity(&self, _faction: u32) -> Option<u32> {
     |            ^^^^^^^^^^^^        -------------
help: you can convert a `u64` to a `u32` and panic if the converted value doesn't fit
     |
 854 |         let entity = self.agent_entity(agent_id.try_into().unwrap())?;
     |                                                ++++++++++++++++++++

error[E0308]: mismatched types
   --> crates\engine\src\emergence.rs:856:34
    |
856 |             .get::<&SocialGraph>(entity)
    |              ------------------- ^^^^^^ expected `Entity`, found `u32`
    |              |
    |              arguments to this method are incorrect
    |
note: method defined here
   --> E:\Dev\.cargo\registry\src\index.crates.io-1949cf8c6b5b557f\hecs-0.10.5\src\world.rs:509:12
    |
509 |     pub fn get<'a, T: ComponentRef<'a>>(
    |            ^^^

error[E0061]: this method takes 1 argument but 0 arguments were supplied
    --> crates\engine\src\emergence_metrics.rs:321:27
     |
 321 |         let actors = self.micro_actor_action_count();
     |                           ^^^^^^^^^^^^^^^^^^^^^^^^-- argument #1 of type `u64` is missing
     |
note: method defined here
    --> crates\engine\src\engine.rs:6312:12
     |
6312 |     pub fn micro_actor_action_count(&self, _actor: u64) -> u64 {
     |            ^^^^^^^^^^^^^^^^^^^^^^^^        -----------
help: provide the argument
     |
 321 |         let actors = self.micro_actor_action_count(/* u64 */);
     |                                                    +++++++++

error[E0061]: this method takes 1 argument but 0 arguments were supplied
    --> crates\engine\src\emergence_metrics.rs:322:32
     |
 322 |         let descendants = self.micro_descendant_action_count();
     |                                ^^^^^^^^^^^^^^^^^^^^^^^^^^^^^-- argument #1 of type `u64` is missing
     |
note: method defined here
    --> crates\engine\src\engine.rs:6316:12
     |
6316 |     pub fn micro_descendant_action_count(&self, _descendant: u64) -> u64 {
     |            ^^^^^^^^^^^^^^^^^^^^^^^^^^^^^        ----------------
help: provide the argument
     |
 322 |         let descendants = self.micro_descendant_action_count(/* u64 */);
     |                                                              +++++++++

error[E0308]: mismatched types
   --> crates\engine\src\emergence_metrics.rs:338:45
    |
338 |                     open.last_descendants = descendants;
    |                     ---------------------   ^^^^^^^^^^^ expected `u32`, found `u64`
    |                     |
    |                     expected due to the type of this binding

error[E0308]: mismatched types
   --> crates\engine\src\emergence_metrics.rs:356:30
    |
356 |                 seed_actors: actors,
    |                              ^^^^^^ expected `u32`, found `u64`

error[E0609]: no field `raw` on type `FixedI32<UInt<UInt<UInt<UInt<UInt<UTerm, B1>, B0>, B0>, B0>, B0>>`
    --> crates\engine\src\engine.rs:1348:59
     |
1348 |     let energy_budget_joules = world.energy_budget_joules.raw / crate::SCALE;
     |                                                           ^^^ unknown field

error[E0560]: struct `Simulation` has no field named `settlement_gini`
    --> crates\engine\src\engine.rs:1555:13
     |
1555 |             settlement_gini: BTreeMap::new(),
     |             ^^^^^^^^^^^^^^^ unknown field
     |
help: a field with a similar name exists
     |
1555 -             settlement_gini: BTreeMap::new(),
1555 +             settlements: BTreeMap::new(),
     |

error[E0560]: struct `Simulation` has no field named `last_tick_unrest_events`
    --> crates\engine\src\engine.rs:1556:13
     |
1556 |             last_tick_unrest_events: Vec::new(),
     |             ^^^^^^^^^^^^^^^^^^^^^^^ `Simulation` does not have this field
     |
     = note: available fields are: `settlements`, `institutions`, `last_tick_institution_events`, `institution_levels_emitted`

error[E0062]: field `last_tick_unrest` specified more than once
    --> crates\engine\src\engine.rs:1557:13
     |
1542 |             last_tick_unrest: Vec::new(),
     |             ---------------------------- first use of `last_tick_unrest`
...
1557 |             last_tick_unrest: BTreeMap::new(),
     |             ^^^^^^^^^^^^^^^^ used more than once

error[E0560]: struct `Simulation` has no field named `households`
    --> crates\engine\src\engine.rs:1659:13
     |
1659 |             households: BTreeMap::new(),
     |             ^^^^^^^^^^ `Simulation` does not have this field
     |
     = note: available fields are: `settlements`, `institutions`, `last_tick_institution_events`, `institution_levels_emitted`

error[E0560]: struct `Simulation` has no field named `household_settlement`
    --> crates\engine\src\engine.rs:1660:13
     |
1660 |             household_settlement: BTreeMap::new(),
     |             ^^^^^^^^^^^^^^^^^^^^ `Simulation` does not have this field
     |
     = note: available fields are: `settlements`, `institutions`, `last_tick_institution_events`, `institution_levels_emitted`

error[E0560]: struct `Simulation` has no field named `settlement_households`
    --> crates\engine\src\engine.rs:1661:13
     |
1661 |             settlement_households: BTreeMap::new(),
     |             ^^^^^^^^^^^^^^^^^^^^^ `Simulation` does not have this field
     |
     = note: available fields are: `settlements`, `institutions`, `last_tick_institution_events`, `institution_levels_emitted`

error[E0560]: struct `Simulation` has no field named `household_wealth`
    --> crates\engine\src\engine.rs:1662:13
     |
1662 |             household_wealth: BTreeMap::new(),
     |             ^^^^^^^^^^^^^^^^ `Simulation` does not have this field
     |
     = note: available fields are: `settlements`, `institutions`, `last_tick_institution_events`, `institution_levels_emitted`

error[E0560]: struct `Simulation` has no field named `household_power`
    --> crates\engine\src\engine.rs:1663:13
     |
1663 |             household_power: BTreeMap::new(),
     |             ^^^^^^^^^^^^^^^ `Simulation` does not have this field
     |
     = note: available fields are: `settlements`, `institutions`, `last_tick_institution_events`, `institution_levels_emitted`

error[E0560]: struct `Simulation` has no field named `household_bands`
    --> crates\engine\src\engine.rs:1664:13
     |
1664 |             household_bands: BTreeMap::new(),
     |             ^^^^^^^^^^^^^^^ `Simulation` does not have this field
     |
     = note: available fields are: `settlements`, `institutions`, `last_tick_institution_events`, `institution_levels_emitted`

error[E0560]: struct `Simulation` has no field named `household_band_set`
    --> crates\engine\src\engine.rs:1665:13
     |
1665 |             household_band_set: BTreeSet::new(),
     |             ^^^^^^^^^^^^^^^^^^ `Simulation` does not have this field
     |
     = note: available fields are: `settlements`, `institutions`, `last_tick_institution_events`, `institution_levels_emitted`

error[E0560]: struct `Simulation` has no field named `last_tick_stratification`
    --> crates\engine\src\engine.rs:1666:13
     |
1666 |             last_tick_stratification: Vec::new(),
     |             ^^^^^^^^^^^^^^^^^^^^^^^^ `Simulation` does not have this field
     |
     = note: available fields are: `settlements`, `institutions`, `last_tick_institution_events`, `institution_levels_emitted`

error[E0560]: struct `Simulation` has no field named `last_tick_stratification_reports`
    --> crates\engine\src\engine.rs:1667:13
     |
1667 |             last_tick_stratification_reports: BTreeMap::new(),
     |             ^^^^^^^^^^^^^^^^^^^^^^^^^^^^^^^^ `Simulation` does not have this field
     |
     = note: available fields are: `settlements`, `institutions`, `last_tick_institution_events`, `institution_levels_emitted`

error[E0560]: struct `Simulation` has no field named `settlement_gini`
    --> crates\engine\src\engine.rs:1684:13
     |
1684 |             settlement_gini: BTreeMap::new(),
     |             ^^^^^^^^^^^^^^^ unknown field
     |
help: a field with a similar name exists
     |
1684 -             settlement_gini: BTreeMap::new(),
1684 +             settlements: BTreeMap::new(),
     |

error[E0560]: struct `Simulation` has no field named `last_tick_unrest_events`
    --> crates\engine\src\engine.rs:1685:13
     |
1685 |             last_tick_unrest_events: Vec::new(),
     |             ^^^^^^^^^^^^^^^^^^^^^^^ `Simulation` does not have this field
     |
     = note: available fields are: `settlements`, `institutions`, `last_tick_institution_events`, `institution_levels_emitted`

error[E0062]: field `last_tick_unrest` specified more than once
    --> crates\engine\src\engine.rs:1686:13
     |
1671 |             last_tick_unrest: Vec::new(),
     |             ---------------------------- first use of `last_tick_unrest`
...
1686 |             last_tick_unrest: BTreeMap::new(),
     |             ^^^^^^^^^^^^^^^^ used more than once

error[E0615]: attempted to take value of method `last_tick_stratification` on type `&mut Simulation`
    --> crates\engine\src\engine.rs:2165:14
     |
2165 |         self.last_tick_stratification.clear();
     |              ^^^^^^^^^^^^^^^^^^^^^^^^ method, not a field
     |
help: use parentheses to call the method
     |
2165 |         self.last_tick_stratification().clear();
     |                                      ++

error[E0609]: no field `last_tick_stratification_reports` on type `&mut Simulation`
    --> crates\engine\src\engine.rs:2166:14
     |
2166 |         self.last_tick_stratification_reports.clear();
     |              ^^^^^^^^^^^^^^^^^^^^^^^^^^^^^^^^ unknown field
     |
     = note: available fields are: `state`, `world`, `rng`, `planet`, `moon` ... and 86 others

error[E0609]: no field `last_tick_unrest_events` on type `&mut Simulation`
    --> crates\engine\src\engine.rs:2180:14
     |
2180 |         self.last_tick_unrest_events.clear();
     |              ^^^^^^^^^^^^^^^^^^^^^^^ unknown field
     |
help: one of the expressions' fields has a field of the same name
     |
2180 |         self.emergence_branching.last_tick_unrest_events.clear();
     |              ++++++++++++++++++++

error[E0599]: no method named `phase_faction_decisions` found for mutable reference `&mut Simulation` in the current scope
    --> crates\engine\src\engine.rs:2216:41
     |
2216 |             "faction_decisions" => self.phase_faction_decisions(),
     |                                         ^^^^^^^^^^^^^^^^^^^^^^^
     |
help: there is a method `phase_cohesion` with a similar name
     |
2216 -             "faction_decisions" => self.phase_faction_decisions(),
2216 +             "faction_decisions" => self.phase_cohesion(),
     |

error[E0308]: mismatched types
    --> crates\engine\src\engine.rs:2311:39
     |
2311 |         let mut sim = Self::with_seed(log.seed);
     |                       --------------- ^^^^^^^^ expected `SimSeed`, found `u64`
     |                       |
     |                       arguments to this function are incorrect
     |
note: associated function defined here
    --> crates\engine\src\engine.rs:1562:12
     |
1562 |     pub fn with_seed(seed: SimSeed) -> Self {
     |            ^^^^^^^^^ -------------
help: try wrapping the expression in `engine::SimSeed`
     |
2311 |         let mut sim = Self::with_seed(engine::SimSeed(log.seed));
     |                                       ++++++++++++++++        +

error[E0277]: the trait bound `civ_institutions::InstitutionKind: std::cmp::Ord` is not satisfied
    --> crates\engine\src\engine.rs:2646:44
     |
2646 |         if self.institution_levels_emitted.contains(&key) {
     |                                            ^^^^^^^^ the trait `std::cmp::Ord` is not implemented for `civ_institutions::InstitutionKind`
     |
     = help: the following other types implement trait `std::cmp::Ord`:
               ()
               (A, Z, Y, X, W, V, U, T)
               (B, A, Z, Y, X, W, V, U, T)
               (C, B, A, Z, Y, X, W, V, U, T)
               (D, C, B, A, Z, Y, X, W, V, U, T)
               (E, D, C, B, A, Z, Y, X, W, V, U, T)
               (T,)
               (U, T)
             and 5 others
     = note: required for `(u32, civ_institutions::InstitutionKind, u8)` to implement `std::cmp::Ord`
note: required by a bound in `BTreeSet::<T, A>::contains`
    --> C:\Users\koosh\.rustup\toolchains\stable-x86_64-pc-windows-msvc\lib/rustlib/src/rust\library\alloc\src\collections\btree\set.rs:608:24
     |
 606 |     pub fn contains<Q: ?Sized>(&self, value: &Q) -> bool
     |            -------- required by a bound in this associated function
 607 |     where
 608 |         T: Borrow<Q> + Ord,
     |                        ^^^ required by this bound in `BTreeSet::<T, A>::contains`

error[E0277]: the trait bound `civ_institutions::InstitutionKind: std::cmp::Ord` is not satisfied
    --> crates\engine\src\engine.rs:2664:41
     |
2664 |         self.institution_levels_emitted.insert(key);
     |                                         ^^^^^^ the trait `std::cmp::Ord` is not implemented for `civ_institutions::InstitutionKind`
     |
     = help: the following other types implement trait `std::cmp::Ord`:
               ()
               (A, Z, Y, X, W, V, U, T)
               (B, A, Z, Y, X, W, V, U, T)
               (C, B, A, Z, Y, X, W, V, U, T)
               (D, C, B, A, Z, Y, X, W, V, U, T)
               (E, D, C, B, A, Z, Y, X, W, V, U, T)
               (T,)
               (U, T)
             and 5 others
     = note: required for `(u32, civ_institutions::InstitutionKind, u8)` to implement `std::cmp::Ord`
note: required by a bound in `BTreeSet::<T, A>::insert`
    --> C:\Users\koosh\.rustup\toolchains\stable-x86_64-pc-windows-msvc\lib/rustlib/src/rust\library\alloc\src\collections\btree\set.rs:902:12
     |
 900 |     pub fn insert(&mut self, value: T) -> bool
     |            ------ required by a bound in this associated function
 901 |     where
 902 |         T: Ord,
     |            ^^^ required by this bound in `BTreeSet::<T, A>::insert`

error[E0609]: no field `settlement_households` on type `&mut Simulation`
    --> crates\engine\src\engine.rs:2803:44
     |
2803 |             let Some(household_ids) = self.settlement_households.get(&settlement_id) else {
     |                                            ^^^^^^^^^^^^^^^^^^^^^ unknown field
     |
     = note: available fields are: `state`, `world`, `rng`, `planet`, `moon` ... and 86 others

error[E0609]: no field `household_wealth` on type `&mut Simulation`
    --> crates\engine\src\engine.rs:2811:35
     |
2811 |                 let wealth = self.household_wealth.get(hid).copied().unwrap_or(0);
     |                                   ^^^^^^^^^^^^^^^^ unknown field
     |
     = note: available fields are: `state`, `world`, `rng`, `planet`, `moon` ... and 86 others

error[E0599]: no associated function or constant named `default` found for struct `StratQuantiles` in the current scope
    --> crates\engine\src\engine.rs:2825:49
     |
1046 | pub struct StratQuantiles {
     | ------------------------- associated function or constant `default` not found for this struct
...
2825 |             let mut quantiles = StratQuantiles::default();
     |                                                 ^^^^^^^ associated function or constant not found in `StratQuantiles`
     |
note: if you're trying to build a new `StratQuantiles`, consider using `StratQuantiles::empty` which returns `StratQuantiles`
    --> crates\engine\src\engine.rs:1056:5
     |
1056 |     pub fn empty() -> Self {
     |     ^^^^^^^^^^^^^^^^^^^^^^
     = help: items from traits can only be used if the trait is implemented and in scope
     = note: the following trait defines an item `default`, perhaps you need to implement it:
             candidate #1: `Default`

error[E0609]: no field `household_score` on type `&mut Simulation`
    --> crates\engine\src\engine.rs:2851:39
     |
2851 |                 let prev_score = self.household_score.get(hid).copied().unwrap_or(0);
     |                                       ^^^^^^^^^^^^^^^ unknown field
     |
     = note: available fields are: `state`, `world`, `rng`, `planet`, `moon` ... and 86 others

error[E0609]: no field `stratification_bands_emitted` on type `&mut Simulation`
    --> crates\engine\src\engine.rs:2856:26
     |
2856 |                 if !self.stratification_bands_emitted.contains(&key) {
     |                          ^^^^^^^^^^^^^^^^^^^^^^^^^^^^ unknown field
     |
     = note: available fields are: `state`, `world`, `rng`, `planet`, `moon` ... and 86 others

error[E0609]: no field `stratification_bands_emitted` on type `&mut Simulation`
    --> crates\engine\src\engine.rs:2857:26
     |
2857 |                     self.stratification_bands_emitted.insert(key);
     |                          ^^^^^^^^^^^^^^^^^^^^^^^^^^^^ unknown field
     |
     = note: available fields are: `state`, `world`, `rng`, `planet`, `moon` ... and 86 others

error[E0615]: attempted to take value of method `last_tick_stratification` on type `&mut Simulation`
    --> crates\engine\src\engine.rs:2865:26
     |
2865 |                     self.last_tick_stratification.push(StratificationEvent {
     |                          ^^^^^^^^^^^^^^^^^^^^^^^^ method, not a field
     |
help: use parentheses to call the method
     |
2865 |                     self.last_tick_stratification().push(StratificationEvent {
     |                                                  ++

error[E0609]: no field `household_score` on type `&mut Simulation`
    --> crates\engine\src\engine.rs:2875:22
     |
2875 |                 self.household_score.insert(*hid, score);
     |                      ^^^^^^^^^^^^^^^ unknown field
     |
     = note: available fields are: `state`, `world`, `rng`, `planet`, `moon` ... and 86 others

error[E0615]: attempted to take value of method `household_band` on type `&mut Simulation`
    --> crates\engine\src\engine.rs:2876:22
     |
2876 |                 self.household_band.insert(*hid, band);
     |                      ^^^^^^^^^^^^^^ method, not a field
     |
help: use parentheses to call the method
     |
2876 |                 self.household_band(_, _).insert(*hid, band);
     |                                    ++++++

error[E0609]: no field `last_tick_stratification_reports` on type `&mut Simulation`
    --> crates\engine\src\engine.rs:2885:18
     |
2885 |             self.last_tick_stratification_reports.insert(
     |                  ^^^^^^^^^^^^^^^^^^^^^^^^^^^^^^^^ unknown field
     |
     = note: available fields are: `state`, `world`, `rng`, `planet`, `moon` ... and 86 others

error[E0560]: struct `StratificationReport` has no field named `class_mobility_count`
    --> crates\engine\src\engine.rs:2891:21
     |
2891 |                     class_mobility_count: 0,
     |                     ^^^^^^^^^^^^^^^^^^^^ `StratificationReport` does not have this field
     |
     = note: all struct fields are already assigned

error[E0560]: struct `StratificationReport` has no field named `tick`
    --> crates\engine\src\engine.rs:2892:21
     |
2892 |                     tick,
     |                     ^^^^ `StratificationReport` does not have this field
     |
     = note: all struct fields are already assigned

error[E0609]: no field `kinship_edges` on type `&mut Simulation`
    --> crates\engine\src\engine.rs:2919:43
     |
2919 |                 if let Some(edges) = self.kinship_edges.get(&actor_id) {
     |                                           ^^^^^^^^^^^^^ unknown field
     |
     = note: available fields are: `state`, `world`, `rng`, `planet`, `moon` ... and 86 others

error[E0609]: no field `trust_network` on type `&mut Simulation`
    --> crates\engine\src\engine.rs:2924:44
     |
2924 |                 if let Some(trusts) = self.trust_network.get(&actor_id) {
     |                                            ^^^^^^^^^^^^^ unknown field
     |
     = note: available fields are: `state`, `world`, `rng`, `planet`, `moon` ... and 86 others

error[E0609]: no field `kinship_edges` on type `&mut Simulation`
    --> crates\engine\src\engine.rs:2937:22
     |
2937 |                     .kinship_edges
     |                      ^^^^^^^^^^^^^ unknown field
     |
     = note: available fields are: `state`, `world`, `rng`, `planet`, `moon` ... and 86 others

error[E0609]: no field `trust_network` on type `&mut Simulation`
    --> crates\engine\src\engine.rs:2941:22
     |
2941 |                     .trust_network
     |                      ^^^^^^^^^^^^^ unknown field
     |
     = note: available fields are: `state`, `world`, `rng`, `planet`, `moon` ... and 86 others

error[E0308]: mismatched types
    --> crates\engine\src\engine.rs:2992:17
     |
2992 |                 kin_count,
     |                 ^^^^^^^^^ expected `u32`, found `u64`
     |
help: you can convert a `u64` to a `u32` and panic if the converted value doesn't fit
     |
2992 |                 kin_count: kin_count.try_into().unwrap(),
     |                 ++++++++++          ++++++++++++++++++++

error[E0560]: struct `CohesionSnapshot` has no field named `fragmentations`
    --> crates\engine\src\engine.rs:2994:17
     |
2994 |                 fragmentations,
     |                 ^^^^^^^^^^^^^^ `CohesionSnapshot` does not have this field
     |
     = note: available fields are: `fragmentation_events`

error[E0560]: struct `CohesionSnapshot` has no field named `faction_count`
    --> crates\engine\src\engine.rs:2995:17
     |
2995 |                 faction_count: settlement_actors
     |                 ^^^^^^^^^^^^^ `CohesionSnapshot` does not have this field
     |
     = note: available fields are: `fragmentation_events`

error[E0609]: no field `last_tick_cohesion_snapshots` on type `&mut Simulation`
    --> crates\engine\src\engine.rs:3001:14
     |
3001 |         self.last_tick_cohesion_snapshots = new_snapshots;
     |              ^^^^^^^^^^^^^^^^^^^^^^^^^^^^ unknown field
     |
help: a field with a similar name exists
     |
3001 -         self.last_tick_cohesion_snapshots = new_snapshots;
3001 +         self.last_tick_unrest_snapshots = new_snapshots;
     |

error[E0609]: no field `last_tick_unrest_events` on type `&mut Simulation`
    --> crates\engine\src\engine.rs:3009:14
     |
3009 |         self.last_tick_unrest_events.clear();
     |              ^^^^^^^^^^^^^^^^^^^^^^^ unknown field
     |
help: one of the expressions' fields has a field of the same name
     |
3009 |         self.emergence_branching.last_tick_unrest_events.clear();
     |              ++++++++++++++++++++

error[E0609]: no field `settlement_gini` on type `&mut Simulation`
    --> crates\engine\src\engine.rs:3014:32
     |
3014 |         for (&sid, _) in &self.settlement_gini {
     |                                ^^^^^^^^^^^^^^^ unknown field
     |
help: a field with a similar name exists
     |
3014 -         for (&sid, _) in &self.settlement_gini {
3014 +         for (&sid, _) in &self.settlements {
     |

error[E0308]: mismatched types
    --> crates\engine\src\engine.rs:3018:35
     |
3018 |             settlement_ids.insert(sid);
     |                            ------ ^^^ expected `u32`, found `u64`
     |                            |
     |                            arguments to this method are incorrect
     |
note: method defined here
    --> C:\Users\koosh\.rustup\toolchains\stable-x86_64-pc-windows-msvc\lib/rustlib/src/rust\library\alloc\src\collections\btree\set.rs:900:12
     |
 900 |     pub fn insert(&mut self, value: T) -> bool
     |            ^^^^^^
help: you can convert a `u64` to a `u32` and panic if the converted value doesn't fit
     |
3018 |             settlement_ids.insert(sid.try_into().unwrap());
     |                                      ++++++++++++++++++++

error[E0277]: the type `[MoodSnapshot]` cannot be indexed by `&u32`
    --> crates\engine\src\engine.rs:3023:48
     |
3023 |             let mood = self.last_tick_mood.get(&settlement_id).map_or(0i32, |m| m.mood);
     |                                            --- ^^^^^^^^^^^^^^ slice indices are of type `usize` or ranges of `usize`
     |                                            |
     |                                            required by a bound introduced by this call
     |
     = help: the trait `SliceIndex<[MoodSnapshot]>` is not implemented for `&u32`
help: `usize` implements trait `SliceIndex<T>`
    --> C:\Users\koosh\.rustup\toolchains\stable-x86_64-pc-windows-msvc\lib/rustlib/src/rust\library\core\src\bstr\traits.rs:197:1
     |
 197 | unsafe impl SliceIndex<ByteStr> for usize {
     | ^^^^^^^^^^^^^^^^^^^^^^^^^^^^^^^^^^^^^^^^^ `SliceIndex<ByteStr>`
     |
    ::: C:\Users\koosh\.rustup\toolchains\stable-x86_64-pc-windows-msvc\lib/rustlib/src/rust\library\core\src\slice\index.rs:214:1
     |
 214 | unsafe impl<T> const SliceIndex<[T]> for usize {
     | ^^^^^^^^^^^^^^^^^^^^^^^^^^^^^^^^^^^^^^^^^^^^^^ `SliceIndex<[T]>`
note: required by a bound in `core::slice::<impl [T]>::get`
    --> C:\Users\koosh\.rustup\toolchains\stable-x86_64-pc-windows-msvc\lib/rustlib/src/rust\library\core\src\slice\mod.rs:574:12
     |
 572 |     pub const fn get<I>(&self, index: I) -> Option<&I::Output>
     |                  --- required by a bound in this associated function
 573 |     where
 574 |         I: [const] SliceIndex<Self>,
     |            ^^^^^^^^^^^^^^^^^^^^^^^^ required by this bound in `core::slice::<impl [T]>::get`

error[E0609]: no field `settlement_gini` on type `&mut Simulation`
    --> crates\engine\src\engine.rs:3026:34
     |
3026 |             let gini_x100 = self.settlement_gini.get(&settlement_id).copied().unwrap_or(0i32);
     |                                  ^^^^^^^^^^^^^^^ unknown field
     |
help: a field with a similar name exists
     |
3026 -             let gini_x100 = self.settlement_gini.get(&settlement_id).copied().unwrap_or(0i32);
3026 +             let gini_x100 = self.settlements.get(&settlement_id).copied().unwrap_or(0i32);
     |

error[E0609]: no field `last_tick_cohesion_snapshots` on type `&mut Simulation`
    --> crates\engine\src\engine.rs:3030:18
     |
3030 |                 .last_tick_cohesion_snapshots
     |                  ^^^^^^^^^^^^^^^^^^^^^^^^^^^^ unknown field
     |
help: a field with a similar name exists
     |
3030 -                 .last_tick_cohesion_snapshots
3030 +                 .last_tick_unrest_snapshots
     |

error[E0609]: no field `last_tick_unrest_levels` on type `&mut Simulation`
    --> crates\engine\src\engine.rs:3049:18
     |
3049 |                 .last_tick_unrest_levels
     |                  ^^^^^^^^^^^^^^^^^^^^^^^ unknown field
     |
help: a field with a similar name exists
     |
3049 -                 .last_tick_unrest_levels
3049 +                 .last_unrest_level
     |

error[E0599]: no method named `to_rank` found for enum `UnrestLevel` in the current scope
    --> crates\engine\src\engine.rs:3053:37
     |
1214 | pub enum UnrestLevel {
     | -------------------- method `to_rank` not found for this enum
...
3053 |             let level_delta = level.to_rank() as i32 - prev_level.to_rank() as i32;
     |                                     ^^^^^^^ method not found in `UnrestLevel`

error[E0369]: binary operation `>=` cannot be applied to type `UnrestLevel`
    --> crates\engine\src\engine.rs:3059:59
     |
3059 |             if prev_level < UnrestLevel::Rioting && level >= UnrestLevel::Rioting {
     |                                                     ----- ^^ -------------------- UnrestLevel
     |                                                     |
     |                                                     UnrestLevel
     |
note: an implementation of `PartialOrd` might be missing for `UnrestLevel`
    --> crates\engine\src\engine.rs:1214:1
     |
1214 | pub enum UnrestLevel {
     | ^^^^^^^^^^^^^^^^^^^^ must implement `PartialOrd`
help: consider annotating `UnrestLevel` with `#[derive(PartialEq, PartialOrd)]`
     |
1214 + #[derive(PartialEq, PartialOrd)]
1215 | pub enum UnrestLevel {
     |

error[E0609]: no field `last_tick_unrest_events` on type `&mut Simulation`
    --> crates\engine\src\engine.rs:3061:22
     |
3061 |                 self.last_tick_unrest_events.push(UnrestEvent {
     |                      ^^^^^^^^^^^^^^^^^^^^^^^ unknown field
     |
help: one of the expressions' fields has a field of the same name
     |
3061 |                 self.emergence_branching.last_tick_unrest_events.push(UnrestEvent {
     |                      ++++++++++++++++++++

error[E0308]: mismatched types
    --> crates\engine\src\engine.rs:3068:29
     |
3068 |                     fabric: fabric_x100,
     |                             ^^^^^^^^^^^ expected `FabricTier`, found `i32`

error[E0369]: binary operation `>=` cannot be applied to type `UnrestLevel`
    --> crates\engine\src\engine.rs:3071:61
     |
3071 |             if prev_level <= UnrestLevel::Restless && level >= UnrestLevel::Rioting {
     |                                                       ----- ^^ -------------------- UnrestLevel
     |                                                       |
     |                                                       UnrestLevel
     |
note: an implementation of `PartialOrd` might be missing for `UnrestLevel`
    --> crates\engine\src\engine.rs:1214:1
     |
1214 | pub enum UnrestLevel {
     | ^^^^^^^^^^^^^^^^^^^^ must implement `PartialOrd`
help: consider annotating `UnrestLevel` with `#[derive(PartialEq, PartialOrd)]`
     |
1214 + #[derive(PartialEq, PartialOrd)]
1215 | pub enum UnrestLevel {
     |

error[E0369]: binary operation `<=` cannot be applied to type `UnrestLevel`
    --> crates\engine\src\engine.rs:3074:22
     |
3074 |             if level <= UnrestLevel::Stable && prev_level > UnrestLevel::Stable {
     |                ----- ^^ ------------------- UnrestLevel
     |                |
     |                UnrestLevel
     |
note: an implementation of `PartialOrd` might be missing for `UnrestLevel`
    --> crates\engine\src\engine.rs:1214:1
     |
1214 | pub enum UnrestLevel {
     | ^^^^^^^^^^^^^^^^^^^^ must implement `PartialOrd`
help: consider annotating `UnrestLevel` with `#[derive(PartialEq, PartialOrd)]`
     |
1214 + #[derive(PartialEq, PartialOrd)]
1215 | pub enum UnrestLevel {
     |

error[E0609]: no field `last_tick_unrest_events` on type `&mut Simulation`
    --> crates\engine\src\engine.rs:3075:22
     |
3075 |                 self.last_tick_unrest_events.push(UnrestEvent {
     |                      ^^^^^^^^^^^^^^^^^^^^^^^ unknown field
     |
help: one of the expressions' fields has a field of the same name
     |
3075 |                 self.emergence_branching.last_tick_unrest_events.push(UnrestEvent {
     |                      ++++++++++++++++++++

error[E0308]: mismatched types
    --> crates\engine\src\engine.rs:3082:29
     |
3082 |                     fabric: fabric_x100,
     |                             ^^^^^^^^^^^ expected `FabricTier`, found `i32`

error[E0560]: struct `UnrestSnapshot` has no field named `riots_count`
    --> crates\engine\src\engine.rs:3090:17
     |
3090 |                 riots_count,
     |                 ^^^^^^^^^^^ `UnrestSnapshot` does not have this field
     |
     = note: available fields are: `events_count`

error[E0560]: struct `UnrestSnapshot` has no field named `migrants_count`
    --> crates\engine\src\engine.rs:3091:17
     |
3091 |                 migrants_count,
     |                 ^^^^^^^^^^^^^^ `UnrestSnapshot` does not have this field
     |
     = note: available fields are: `events_count`

error[E0560]: struct `UnrestSnapshot` has no field named `mob_size`
    --> crates\engine\src\engine.rs:3092:17
     |
3092 |                 mob_size: riots_count.saturating_add(migrants_count),
     |                 ^^^^^^^^ `UnrestSnapshot` does not have this field
     |
     = note: available fields are: `events_count`

error[E0609]: no field `last_tick_unrest_levels` on type `&mut Simulation`
    --> crates\engine\src\engine.rs:3095:18
     |
3095 |             self.last_tick_unrest_levels.insert(settlement_id, level);
     |                  ^^^^^^^^^^^^^^^^^^^^^^^ unknown field
     |
help: a field with a similar name exists
     |
3095 -             self.last_tick_unrest_levels.insert(settlement_id, level);
3095 +             self.last_unrest_level.insert(settlement_id, level);
     |

error[E0560]: struct `civ_needs::Health` has no field named `sickness`
    --> crates\engine\src\engine.rs:3308:17
     |
3308 |                 sickness: (1.0 - integrity).max(0.0),
     |                 ^^^^^^^^ `civ_needs::Health` does not have this field
     |
     = note: available fields are: `sick`, `deprivation_streak`

error[E0560]: struct `civ_needs::Health` has no field named `morale`
    --> crates\engine\src\engine.rs:3309:17
     |
3309 |                 morale: 0.5,
     |                 ^^^^^^ `civ_needs::Health` does not have this field
     |
     = note: available fields are: `sick`, `deprivation_streak`

error[E0308]: mismatched types
    --> crates\engine\src\engine.rs:3319:28
     |
3319 |                 .unwrap_or(0);
     |                  --------- ^ expected `f32`, found integer
     |                  |
     |                  arguments to this method are incorrect
     |
help: the return type of this call is `{integer}` due to the type of the argument passed
    --> crates\engine\src\engine.rs:3313:28
     |
3313 |               let maturity = self
     |  ____________________________^
3314 | |                 .world
3315 | |                 .query::<&civ_agents::Psyche>()
3316 | |                 .iter()
3317 | |                 .next()
3318 | |                 .map(|(_, p)| p.maturity)
3319 | |                 .unwrap_or(0);
     | |____________________________-^
     |                              |
     |                              this argument influences the return type of `unwrap_or`
note: method defined here
    --> C:\Users\koosh\.rustup\toolchains\stable-x86_64-pc-windows-msvc\lib/rustlib/src/rust\library\core\src\option.rs:1038:18
     |
1038 |     pub const fn unwrap_or(self, default: T) -> T
     |                  ^^^^^^^^^
help: use a float literal
     |
3319 |                 .unwrap_or(0.0);
     |                             ++

error[E0609]: no field `raw` on type `FixedI32<UInt<UInt<UInt<UInt<UInt<UTerm, B1>, B0>, B0>, B0>, B0>>`
    --> crates\engine\src\engine.rs:3339:46
     |
3339 |         let food = self.state.resources.food.raw.max(0) as f32;
     |                                              ^^^ unknown field

error[E0689]: can't call method `clamp` on ambiguous numeric type `{float}`
    --> crates\engine\src\engine.rs:3340:83
     |
3340 |         let pressure = if food <= 0.0 { 1.0 } else { (1.0 / (1.0 + food / 250.0)).clamp(0.0, 1.0) };
     |                                                                                   ^^^^^

error[E0609]: no field `current_tick` on type `&mut Simulation`
    --> crates\engine\src\engine.rs:3377:25
     |
3377 |         let tick = self.current_tick;
     |                         ^^^^^^^^^^^^ unknown field
     |
     = note: available fields are: `state`, `world`, `rng`, `planet`, `moon` ... and 86 others

error[E0308]: mismatched types
    --> crates\engine\src\engine.rs:3395:53
     |
3395 |                 self.last_tick_religion_events.push(event);
     |                                                ---- ^^^^^ expected `engine::ReligionEvent`, found `religion::ReligionEvent`
     |                                                |
     |                                                arguments to this method are incorrect
     |
     = note: `religion::ReligionEvent` and `engine::ReligionEvent` have similar names, but are actually distinct types
note: `religion::ReligionEvent` is defined in module `crate::religion` of the current crate
    --> crates\engine\src\religion.rs:359:1
     |
 359 | pub struct ReligionEvent {
     | ^^^^^^^^^^^^^^^^^^^^^^^^
note: `engine::ReligionEvent` is defined in module `crate::engine` of the current crate
    --> crates\engine\src\engine.rs:862:1
     |
 862 | pub struct ReligionEvent {
     | ^^^^^^^^^^^^^^^^^^^^^^^^
note: method defined here
    --> C:\Users\koosh\.rustup\toolchains\stable-x86_64-pc-windows-msvc\lib/rustlib/src/rust\library\alloc\src\vec\mod.rs:1003:12
     |
1003 |     pub fn push(&mut self, value: T) {
     |            ^^^^

error[E0609]: no field `raw` on type `&FixedI32<UInt<UInt<UInt<UInt<UInt<UTerm, B1>, B0>, B0>, B0>, B0>>`
    --> crates\engine\src\engine.rs:3415:24
     |
3415 |             .map(|v| v.raw / crate::SCALE)
     |                        ^^^ unknown field

error[E0609]: no field `trust_sum` on type `&mut BTreeMap<u64, i64>`
    --> crates\engine\src\engine.rs:3546:15
     |
3546 |         entry.trust_sum = entry.trust_sum.saturating_add(amount);
     |               ^^^^^^^^^ unknown field

error[E0609]: no field `trust_sum` on type `&mut BTreeMap<u64, i64>`
    --> crates\engine\src\engine.rs:3546:33
     |
3546 |         entry.trust_sum = entry.trust_sum.saturating_add(amount);
     |                                 ^^^^^^^^^ unknown field

error[E0609]: no field `trust_count` on type `&mut BTreeMap<u64, i64>`
    --> crates\engine\src\engine.rs:3547:15
     |
3547 |         entry.trust_count = entry.trust_count.saturating_add(1);
     |               ^^^^^^^^^^^ unknown field

error[E0609]: no field `trust_count` on type `&mut BTreeMap<u64, i64>`
    --> crates\engine\src\engine.rs:3547:35
     |
3547 |         entry.trust_count = entry.trust_count.saturating_add(1);
     |                                   ^^^^^^^^^^^ unknown field

error[E0609]: no field `targets` on type `&mut BTreeMap<u64, i64>`
    --> crates\engine\src\engine.rs:3548:15
     |
3548 |         entry.targets.insert(target);
     |               ^^^^^^^ unknown field

error[E0609]: no field `settlement_actors` on type `&mut Simulation`
    --> crates\engine\src\engine.rs:3554:14
     |
3554 |         self.settlement_actors
     |              ^^^^^^^^^^^^^^^^^ unknown field
     |
     = note: available fields are: `state`, `world`, `rng`, `planet`, `moon` ... and 86 others

error[E0609]: no field `has_temple` on type `&mut (bool, bool)`
    --> crates\engine\src\engine.rs:3576:15
     |
3576 |         entry.has_temple = has_temple;
     |               ^^^^^^^^^^ unknown field
     |
     = note: available fields are: `0`, `1`

error[E0609]: no field `has_garrison` on type `&mut (bool, bool)`
    --> crates\engine\src\engine.rs:3577:15
     |
3577 |         entry.has_garrison = has_garrison;
     |               ^^^^^^^^^^^^ unknown field
     |
     = note: available fields are: `0`, `1`

error[E0609]: no field `last_tick_cohesion_snapshots` on type `&Simulation`
    --> crates\engine\src\engine.rs:3590:14
     |
3590 |         self.last_tick_cohesion_snapshots.get(&settlement_id).copied()
     |              ^^^^^^^^^^^^^^^^^^^^^^^^^^^^ unknown field
     |
help: a field with a similar name exists
     |
3590 -         self.last_tick_cohesion_snapshots.get(&settlement_id).copied()
3590 +         self.last_tick_unrest_snapshots.get(&settlement_id).copied()
     |

error[E0609]: no field `household_settlement` on type `&mut Simulation`
    --> crates\engine\src\engine.rs:3597:14
     |
3597 |         self.household_settlement.entry(household_id).or_insert(0);
     |              ^^^^^^^^^^^^^^^^^^^^ unknown field
     |
     = note: available fields are: `state`, `world`, `rng`, `planet`, `moon` ... and 86 others

error[E0609]: no field `household_settlement` on type `&mut Simulation`
    --> crates\engine\src\engine.rs:3607:14
     |
3607 |         self.household_settlement.insert(household_id, settlement_id);
     |              ^^^^^^^^^^^^^^^^^^^^ unknown field
     |
     = note: available fields are: `state`, `world`, `rng`, `planet`, `moon` ... and 86 others

error[E0609]: no field `settlement_households` on type `&mut Simulation`
    --> crates\engine\src\engine.rs:3608:14
     |
3608 |         self.settlement_households
     |              ^^^^^^^^^^^^^^^^^^^^^ unknown field
     |
     = note: available fields are: `state`, `world`, `rng`, `planet`, `moon` ... and 86 others

error[E0609]: no field `household_wealth` on type `&mut Simulation`
    --> crates\engine\src\engine.rs:3617:14
     |
3617 |         self.household_wealth.insert(household_id, units);
     |              ^^^^^^^^^^^^^^^^ unknown field
     |
     = note: available fields are: `state`, `world`, `rng`, `planet`, `moon` ... and 86 others

error[E0609]: no field `household_power` on type `&mut Simulation`
    --> crates\engine\src\engine.rs:3624:14
     |
3624 |         self.household_power.insert(household_id, units);
     |              ^^^^^^^^^^^^^^^ unknown field
     |
     = note: available fields are: `state`, `world`, `rng`, `planet`, `moon` ... and 86 others

error[E0615]: attempted to take value of method `last_tick_stratification` on type `&Simulation`
    --> crates\engine\src\engine.rs:3631:15
     |
3631 |         &self.last_tick_stratification
     |               ^^^^^^^^^^^^^^^^^^^^^^^^ method, not a field
     |
help: use parentheses to call the method
     |
3631 |         &self.last_tick_stratification()
     |                                       ++

error[E0609]: no field `last_tick_stratification_reports` on type `&Simulation`
    --> crates\engine\src\engine.rs:3640:14
     |
3640 |         self.last_tick_stratification_reports.get(&settlement_id).cloned()
     |              ^^^^^^^^^^^^^^^^^^^^^^^^^^^^^^^^ unknown field
     |
     = note: available fields are: `state`, `world`, `rng`, `planet`, `moon` ... and 86 others

error[E0609]: no field `household_bands` on type `&Simulation`
    --> crates\engine\src\engine.rs:3650:14
     |
3650 |         self.household_bands.get(&household_id).copied().and_then(|b| {
     |              ^^^^^^^^^^^^^^^ unknown field
     |
     = note: available fields are: `state`, `world`, `rng`, `planet`, `moon` ... and 86 others

error[E0609]: no field `household_settlement` on type `&Simulation`
    --> crates\engine\src\engine.rs:3651:21
     |
3651 |             if self.household_settlement.get(&household_id) == Some(&settlement_id) {
     |                     ^^^^^^^^^^^^^^^^^^^^ unknown field
     |
     = note: available fields are: `state`, `world`, `rng`, `planet`, `moon` ... and 86 others

error[E0609]: no field `settlement_gini` on type `&mut Simulation`
    --> crates\engine\src\engine.rs:3665:14
     |
3665 |         self.settlement_gini.insert(settlement_id, clamped);
     |              ^^^^^^^^^^^^^^^ unknown field
     |
help: a field with a similar name exists
     |
3665 -         self.settlement_gini.insert(settlement_id, clamped);
3665 +         self.settlements.insert(settlement_id, clamped);
     |

error[E0614]: type `u32` cannot be dereferenced
    --> crates\engine\src\engine.rs:3852:24
     |
3852 |                 .entry(*faction_id)
     |                        ^^^^^^^^^^^ can't be dereferenced

error[E0614]: type `u32` cannot be dereferenced
    --> crates\engine\src\engine.rs:3856:57
     |
3856 |             ensure_seeded_word(lang, place_name_meaning(*faction_id, 0), *signature);
     |                                                         ^^^^^^^^^^^ can't be dereferenced

error[E0614]: type `u32` cannot be dereferenced
    --> crates\engine\src\engine.rs:3857:58
     |
3857 |             ensure_seeded_word(lang, person_name_meaning(*faction_id, 0), *signature);
     |                                                          ^^^^^^^^^^^ can't be dereferenced

error[E0614]: type `u32` cannot be dereferenced
    --> crates\engine\src\engine.rs:3859:17
     |
3859 |                 *faction_id,
     |                 ^^^^^^^^^^^ can't be dereferenced

error[E0599]: no associated function or constant named `from_raw` found for struct `FixedI32<Frac>` in the current scope
    --> crates\engine\src\engine.rs:4005:38
     |
4005 |                     energy += Fixed::from_raw(Fixed::from_num(1).raw / 2);
     |                                      ^^^^^^^^ associated function or constant not found in `FixedI32<UInt<UInt<UInt<UInt<UInt<UTerm, B1>, B0>, B0>, B0>, B0>>`
     |
note: if you're trying to build a new `FixedI32<UInt<UInt<UInt<UInt<UInt<UTerm, B1>, B0>, B0>, B0>, B0>>` consider using one of the following associated functions:
      FixedI32::<Frac>::from_bits
      FixedI32::<Frac>::from_be
      FixedI32::<Frac>::from_le
      FixedI32::<Frac>::from_be_bytes
      and 51 others
    --> E:\Dev\.cargo\registry\src\index.crates.io-1949cf8c6b5b557f\fixed-1.31.0\src\macros_no_frac.rs:153:17
     |
 153 |                   pub const fn from_bits(bits: $Inner) -> $Self<Frac> {
     |                   ^^^^^^^^^^^^^^^^^^^^^^^^^^^^^^^^^^^^^^^^^^^^^^^^^^^
...
 201 |                   pub const fn from_be(f: $Self<Frac>) -> $Self<Frac> {
     |                   ^^^^^^^^^^^^^^^^^^^^^^^^^^^^^^^^^^^^^^^^^^^^^^^^^^^
...
 225 |                   pub const fn from_le(f: $Self<Frac>) -> $Self<Frac> {
     |                   ^^^^^^^^^^^^^^^^^^^^^^^^^^^^^^^^^^^^^^^^^^^^^^^^^^^
...
 317 |                   pub const fn from_be_bytes(bytes: [u8; $nbytes]) -> $Self<Frac> {
     |                   ^^^^^^^^^^^^^^^^^^^^^^^^^^^^^^^^^^^^^^^^^^^^^^^^^^^^^^^^^^^^^^^
     |
    ::: E:\Dev\.cargo\registry\src\index.crates.io-1949cf8c6b5b557f\fixed-1.31.0\src\lib.rs:806:1
     |
 806 | / fixed! {
 807 | |     description = "A 32",
 808 | |     {Self, Inner} = {FixedI32, i32},
 809 | |     Signedness = Signed,
...    |
 821 | |     {IDouble, IDoubleInner} = {FixedI64, i64},
 822 | | }
     | |_- in this macro invocation
     = help: items from traits can only be used if the trait is in scope
     = note: this error originates in the macro `fixed_no_frac` which comes from the expansion of the macro `fixed` (in Nightly builds, run with -Z macro-backtrace for more info)
help: trait `ComponentRef` which provides `from_raw` is implemented but not in scope; perhaps you want to import it
     |
   5 + use hecs::ComponentRef;
     |
help: there is an associated function `from` with a similar name
     |
4005 -                     energy += Fixed::from_raw(Fixed::from_num(1).raw / 2);
4005 +                     energy += Fixed::from(Fixed::from_num(1).raw / 2);
     |

error[E0609]: no field `raw` on type `FixedI32<UInt<UInt<UInt<UInt<UInt<UTerm, B1>, B0>, B0>, B0>, B0>>`
    --> crates\engine\src\engine.rs:4005:66
     |
4005 |                     energy += Fixed::from_raw(Fixed::from_num(1).raw / 2);
     |                                                                  ^^^ unknown field

error[E0609]: no field `raw` on type `FixedI32<UInt<UInt<UInt<UInt<UInt<UTerm, B1>, B0>, B0>, B0>, B0>>`
    --> crates\engine\src\engine.rs:4040:42
     |
4040 |             if self.state.resources.food.raw > 0 {
     |                                          ^^^ unknown field

error[E0609]: no field `raw` on type `FixedI32<UInt<UInt<UInt<UInt<UInt<UTerm, B1>, B0>, B0>, B0>, B0>>`
    --> crates\engine\src\engine.rs:4045:63
     |
4045 |             if needs.food < 0.05 && self.state.resources.food.raw <= 0 {
     |                                                               ^^^ unknown field

error[E0308]: mismatched types
    --> crates\engine\src\engine.rs:4059:21
     |
4058 |                 let birth_chance = should_reproduce(
     |                                    ---------------- arguments to this function are incorrect
4059 |                     civilian.age,
     |                     ^^^^^^^^^^^^ expected `f32`, found `u16`
     |
note: function defined here
    --> crates\needs\src\lib.rs:1080:8
     |
1080 | pub fn should_reproduce(
     |        ^^^^^^^^^^^^^^^^
help: you can convert a `u16` to an `f32`, producing the floating point representation of the integer
     |
4059 |                     civilian.age.into(),
     |                                 +++++++

error[E0308]: mismatched types
    --> crates\engine\src\engine.rs:4066:38
     |
4066 |                 if self.rng.gen_bool(birth_chance.clamp(0.0, 1.0)) {
     |                             -------- ^^^^^^^^^^^^^^^^^^^^^^^^^^^^ expected `f64`, found `f32`
     |                             |
     |                             arguments to this method are incorrect
     |
note: method defined here
    --> E:\Dev\.cargo\registry\src\index.crates.io-1949cf8c6b5b557f\rand-0.8.6\src\rng.rs:270:8
     |
 270 |     fn gen_bool(&mut self, p: f64) -> bool {
     |        ^^^^^^^^
help: you can convert an `f32` to an `f64`
     |
4066 |                 if self.rng.gen_bool(birth_chance.clamp(0.0, 1.0).into()) {
     |                                                                  +++++++

error[E0609]: no field `raw` on type `FixedI32<UInt<UInt<UInt<UInt<UInt<UTerm, B1>, B0>, B0>, B0>, B0>>`
    --> crates\engine\src\engine.rs:4468:45
     |
4468 |             self.state.energy_budget_joules.raw / crate::SCALE;
     |                                             ^^^ unknown field

error[E0609]: no field `raw` on type `FixedI32<UInt<UInt<UInt<UInt<UInt<UTerm, B1>, B0>, B0>, B0>, B0>>`
    --> crates\engine\src\engine.rs:4554:57
     |
4554 |             let supply_units = (supply.max(Fixed::ZERO).raw / crate::SCALE) as i64;
     |                                                         ^^^ unknown field

error[E0609]: no field `raw` on type `FixedI32<UInt<UInt<UInt<UInt<UInt<UTerm, B1>, B0>, B0>, B0>, B0>>`
    --> crates\engine\src\engine.rs:4555:57
     |
4555 |             let demand_units = (demand.max(Fixed::ZERO).raw / crate::SCALE) as i64;
     |                                                         ^^^ unknown field

error[E0609]: no field `raw` on type `FixedI32<UInt<UInt<UInt<UInt<UInt<UTerm, B1>, B0>, B0>, B0>, B0>>`
    --> crates\engine\src\engine.rs:4797:32
     |
4797 |     let treasury_i = (treasury.raw / crate::SCALE).max(0);
     |                                ^^^ unknown field

error[E0609]: no field `raw` on type `FixedI32<UInt<UInt<UInt<UInt<UInt<UTerm, B1>, B0>, B0>, B0>, B0>>`
    --> crates\engine\src\engine.rs:4798:34
     |
4798 |     let food_i = (resources.food.raw / crate::SCALE).max(0);
     |                                  ^^^ unknown field

error[E0609]: no field `raw` on type `&FixedI32<UInt<UInt<UInt<UInt<UInt<UTerm, B1>, B0>, B0>, B0>, B0>>`
    --> crates\engine\src\engine.rs:5138:19
     |
5138 |         let v = t.raw / crate::SCALE;
     |                   ^^^ unknown field

error[E0609]: no field `raw` on type `FixedI32<UInt<UInt<UInt<UInt<UInt<UTerm, B1>, B0>, B0>, B0>, B0>>`
    --> crates\engine\src\engine.rs:5277:18
     |
5277 |     if effective.raw <= 0 {
     |                  ^^^ unknown field

error[E0609]: no field `raw` on type `FixedI32<UInt<UInt<UInt<UInt<UInt<UTerm, B1>, B0>, B0>, B0>, B0>>`
    --> crates\engine\src\engine.rs:5281:30
     |
5281 |     let linear = ((effective.raw as i128) * 1000 / gate.raw.max(1) as i128).min(1000) as u64;
     |                              ^^^ unknown field

error[E0609]: no field `raw` on type `FixedI32<UInt<UInt<UInt<UInt<UInt<UTerm, B1>, B0>, B0>, B0>, B0>>`
    --> crates\engine\src\engine.rs:5281:57
     |
5281 |     let linear = ((effective.raw as i128) * 1000 / gate.raw.max(1) as i128).min(1000) as u64;
     |                                                         ^^^ unknown field

error[E0609]: no field `raw` on type `FixedI32<UInt<UInt<UInt<UInt<UInt<UTerm, B1>, B0>, B0>, B0>, B0>>`
    --> crates\engine\src\engine.rs:5289:31
     |
5289 |     let by_wood = if wood_per.raw > 0 {
     |                               ^^^ unknown field

error[E0609]: no field `raw` on type `FixedI32<UInt<UInt<UInt<UInt<UInt<UTerm, B1>, B0>, B0>, B0>, B0>>`
    --> crates\engine\src\engine.rs:5290:15
     |
5290 |         (wood.raw / wood_per.raw) as usize
     |               ^^^ unknown field

error[E0609]: no field `raw` on type `FixedI32<UInt<UInt<UInt<UInt<UInt<UTerm, B1>, B0>, B0>, B0>, B0>>`
    --> crates\engine\src\engine.rs:5290:30
     |
5290 |         (wood.raw / wood_per.raw) as usize
     |                              ^^^ unknown field

error[E0609]: no field `raw` on type `FixedI32<UInt<UInt<UInt<UInt<UInt<UTerm, B1>, B0>, B0>, B0>, B0>>`
    --> crates\engine\src\engine.rs:5294:33
     |
5294 |     let by_metal = if metal_per.raw > 0 {
     |                                 ^^^ unknown field

error[E0609]: no field `raw` on type `FixedI32<UInt<UInt<UInt<UInt<UInt<UTerm, B1>, B0>, B0>, B0>, B0>>`
    --> crates\engine\src\engine.rs:5295:16
     |
5295 |         (metal.raw / metal_per.raw) as usize
     |                ^^^ unknown field

error[E0609]: no field `raw` on type `FixedI32<UInt<UInt<UInt<UInt<UInt<UTerm, B1>, B0>, B0>, B0>, B0>>`
    --> crates\engine\src\engine.rs:5295:32
     |
5295 |         (metal.raw / metal_per.raw) as usize
     |                                ^^^ unknown field

error[E0609]: no field `raw` on type `FixedI32<UInt<UInt<UInt<UInt<UInt<UTerm, B1>, B0>, B0>, B0>, B0>>`
    --> crates\engine\src\engine.rs:5940:10
     |
5940 |     ((ta.raw - tb.raw).unsigned_abs() / crate::SCALE) as i64
     |          ^^^ unknown field

error[E0609]: no field `raw` on type `FixedI32<UInt<UInt<UInt<UInt<UInt<UTerm, B1>, B0>, B0>, B0>, B0>>`
    --> crates\engine\src\engine.rs:5940:19
     |
5940 |     ((ta.raw - tb.raw).unsigned_abs() / crate::SCALE) as i64
     |                   ^^^ unknown field

error[E0609]: no field `raw` on type `FixedI32<UInt<UInt<UInt<UInt<UInt<UTerm, B1>, B0>, B0>, B0>, B0>>`
    --> crates\engine\src\engine.rs:5982:14
     |
5982 |         if a.raw > 0 && b.raw > 0 {
     |              ^^^ unknown field

error[E0609]: no field `raw` on type `FixedI32<UInt<UInt<UInt<UInt<UInt<UTerm, B1>, B0>, B0>, B0>, B0>>`
    --> crates\engine\src\engine.rs:5982:27
     |
5982 |         if a.raw > 0 && b.raw > 0 {
     |                           ^^^ unknown field

error[E0609]: no field `raw` on type `FixedI32<UInt<UInt<UInt<UInt<UInt<UTerm, B1>, B0>, B0>, B0>, B0>>`
    --> crates\engine\src\engine.rs:5983:24
     |
5983 |             let af = a.raw as f32;
     |                        ^^^ unknown field

error[E0609]: no field `raw` on type `FixedI32<UInt<UInt<UInt<UInt<UInt<UTerm, B1>, B0>, B0>, B0>, B0>>`
    --> crates\engine\src\engine.rs:5984:24
     |
5984 |             let bf = b.raw as f32;
     |                        ^^^ unknown field

error[E0609]: no field `raw` on type `FixedI32<UInt<UInt<UInt<UInt<UInt<UTerm, B1>, B0>, B0>, B0>, B0>>`
    --> crates\engine\src\engine.rs:6006:14
     |
6006 |         if a.raw == 0 && b.raw == 0 {
     |              ^^^ unknown field

error[E0609]: no field `raw` on type `FixedI32<UInt<UInt<UInt<UInt<UInt<UTerm, B1>, B0>, B0>, B0>, B0>>`
    --> crates\engine\src\engine.rs:6006:28
     |
6006 |         if a.raw == 0 && b.raw == 0 {
     |                            ^^^ unknown field

error[E0609]: no field `raw` on type `FixedI32<UInt<UInt<UInt<UInt<UInt<UTerm, B1>, B0>, B0>, B0>, B0>>`
    --> crates\engine\src\engine.rs:6009:20
     |
6009 |         let af = a.raw as f32;
     |                    ^^^ unknown field

error[E0609]: no field `raw` on type `FixedI32<UInt<UInt<UInt<UInt<UInt<UTerm, B1>, B0>, B0>, B0>, B0>>`
    --> crates\engine\src\engine.rs:6010:20
     |
6010 |         let bf = b.raw as f32;
     |                    ^^^ unknown field

error[E0609]: no field `raw` on type `FixedI32<UInt<UInt<UInt<UInt<UInt<UTerm, B1>, B0>, B0>, B0>, B0>>`
    --> crates\engine\src\engine.rs:6025:39
     |
6025 |     let budget_scarce = energy_budget.raw / crate::SCALE < SCARCITY_GATE;
     |                                       ^^^ unknown field

error[E0609]: no field `raw` on type `FixedI32<UInt<UInt<UInt<UInt<UInt<UTerm, B1>, B0>, B0>, B0>, B0>>`
    --> crates\engine\src\engine.rs:6026:30
     |
6026 |     let a_scarce = ra.energy.raw / crate::SCALE < SCARCITY_GATE && ra.food.raw / crate::SCALE < SCARCITY_GATE;
     |                              ^^^ unknown field

error[E0609]: no field `raw` on type `FixedI32<UInt<UInt<UInt<UInt<UInt<UTerm, B1>, B0>, B0>, B0>, B0>>`
    --> crates\engine\src\engine.rs:6026:76
     |
6026 |     let a_scarce = ra.energy.raw / crate::SCALE < SCARCITY_GATE && ra.food.raw / crate::SCALE < SCARCITY_GATE;
     |                                                                            ^^^ unknown field

error[E0609]: no field `raw` on type `FixedI32<UInt<UInt<UInt<UInt<UInt<UTerm, B1>, B0>, B0>, B0>, B0>>`
    --> crates\engine\src\engine.rs:6027:30
     |
6027 |     let b_scarce = rb.energy.raw / crate::SCALE < SCARCITY_GATE && rb.food.raw / crate::SCALE < SCARCITY_GATE;
     |                              ^^^ unknown field

error[E0609]: no field `raw` on type `FixedI32<UInt<UInt<UInt<UInt<UInt<UTerm, B1>, B0>, B0>, B0>, B0>>`
    --> crates\engine\src\engine.rs:6027:76
     |
6027 |     let b_scarce = rb.energy.raw / crate::SCALE < SCARCITY_GATE && rb.food.raw / crate::SCALE < SCARCITY_GATE;
     |                                                                            ^^^ unknown field

error[E0609]: no field `raw` on type `FixedI32<UInt<UInt<UInt<UInt<UInt<UTerm, B1>, B0>, B0>, B0>, B0>>`
    --> crates\engine\src\engine.rs:6044:35
     |
6044 |         .map(|route| route.volume.raw)
     |                                   ^^^ unknown field

error[E0599]: no variant, associated function, or constant named `Bonded` found for enum `CohesionEventKind` in the current scope
    --> crates\engine\src\engine.rs:9381:34
     |
1157 | pub enum CohesionEventKind {
     | -------------------------- variant, associated function, or constant `Bonded` not found for this enum
...
9381 |         kind: CohesionEventKind::Bonded,
     |                                  ^^^^^^ variant, associated function, or constant not found in `CohesionEventKind`

error[E0599]: no variant, associated function, or constant named `Bonded` found for enum `CohesionEventKind` in the current scope
    --> crates\engine\src\engine.rs:9398:34
     |
1157 | pub enum CohesionEventKind {
     | -------------------------- variant, associated function, or constant `Bonded` not found for this enum
...
9398 |         kind: CohesionEventKind::Bonded,
     |                                  ^^^^^^ variant, associated function, or constant not found in `CohesionEventKind`

error[E0308]: mismatched types
   --> crates\engine\src\era.rs:226:23
    |
226 |         tick_research(sim, &mut self.faction_tech);
    |         ------------- ^^^ types differ in mutability
    |         |
    |         arguments to this function are incorrect
    |
    = note: expected mutable reference `&mut Simulation`
                       found reference `&Simulation`
note: function defined here
   --> crates\engine\src\tech.rs:146:8
    |
146 | pub fn tick_research(sim: &mut Simulation, tech_by_faction: &mut BTreeMap<u32, FactionTechState>) {
    |        ^^^^^^^^^^^^^ --------------------

error[E0609]: no field `last_tick_unrest_snapshots` on type `WorldState`
  --> crates\engine\src\faction_decisions.rs:53:10
   |
53 |         .last_tick_unrest_snapshots
   |          ^^^^^^^^^^^^^^^^^^^^^^^^^^ unknown field
   |
   = note: available fields are: `tick`, `population`, `energy_budget_joules`, `rng_seed`, `factions` ... and 6 others

error[E0609]: no field `last_tick_cohesion` on type `WorldState`
  --> crates\engine\src\faction_decisions.rs:65:10
   |
65 |         .last_tick_cohesion
   |          ^^^^^^^^^^^^^^^^^^ unknown field
   |
   = note: available fields are: `tick`, `population`, `energy_budget_joules`, `rng_seed`, `factions` ... and 6 others

error[E0609]: no field `last_tick_cohesion` on type `WorldState`
  --> crates\engine\src\faction_decisions.rs:69:22
   |
69 |         / (sim.state.last_tick_cohesion.len() as f32).max(1.0);
   |                      ^^^^^^^^^^^^^^^^^^ unknown field
   |
   = note: available fields are: `tick`, `population`, `energy_budget_joules`, `rng_seed`, `factions` ... and 6 others

error[E0609]: no field `raw` on type `FixedI32<UInt<UInt<UInt<UInt<UInt<UTerm, B1>, B0>, B0>, B0>, B0>>`
  --> crates\engine\src\faction_decisions.rs:89:30
   |
89 |     } else if resources.food.raw > 1000 && relation_score > 0.3 && avg_cohesion > 0.5 {
   |                              ^^^ unknown field

error[E0616]: field `voxel` of struct `Simulation` is private
    --> crates\engine\src\godtools.rs:1194:58
     |
1194 | ...                   scan_topmost_y(&self.voxel, col_x, col_z, baseline);
     |                                            ^^^^^ private field
     |
help: a method `voxel` also exists, call it with parentheses
     |
1194 |                                     scan_topmost_y(&self.voxel(), col_x, col_z, baseline);
     |                                                               ++

error[E0616]: field `voxel` of struct `Simulation` is private
    --> crates\engine\src\godtools.rs:1268:58
     |
1268 |                         let top_y = scan_topmost_y(&self.voxel, col_x, col_z, cy);
     |                                                          ^^^^^ private field
     |
help: a method `voxel` also exists, call it with parentheses
     |
1268 |                         let top_y = scan_topmost_y(&self.voxel(), col_x, col_z, cy);
     |                                                               ++

error[E0616]: field `voxel` of struct `Simulation` is private
    --> crates\engine\src\godtools.rs:1299:58
     |
1299 |                         let top_y = scan_topmost_y(&self.voxel, col_x, col_z, cy);
     |                                                          ^^^^^ private field
     |
help: a method `voxel` also exists, call it with parentheses
     |
1299 |                         let top_y = scan_topmost_y(&self.voxel(), col_x, col_z, cy);
     |                                                               ++

error[E0616]: field `voxel` of struct `Simulation` is private
    --> crates\engine\src\godtools.rs:1339:58
     |
1339 |                         let top_y = scan_topmost_y(&self.voxel, col_x, col_z, cy);
     |                                                          ^^^^^ private field
     |
help: a method `voxel` also exists, call it with parentheses
     |
1339 |                         let top_y = scan_topmost_y(&self.voxel(), col_x, col_z, cy);
     |                                                               ++

error[E0308]: mismatched types
    --> crates\engine\src\godtools.rs:1367:41
     |
1367 |                 let target = MaterialId(req.aux_id as u8);
     |                              ---------- ^^^^^^^^^^^^^^^^ expected `u16`, found `u8`
     |                              |
     |                              arguments to this struct are incorrect
     |
note: tuple struct defined here
    --> E:\Dev\.cargo\git\checkouts\phenotype-gfx-8c434bb1d9734182\7ed2721\src\voxel\material.rs:11:12
     |
  11 | pub struct MaterialId(pub u16);
     |            ^^^^^^^^^^
help: you can convert a `u8` to a `u16`
     |
1367 |                 let target = MaterialId((req.aux_id as u8).into());
     |                                         +                ++++++++

error[E0616]: field `voxel` of struct `Simulation` is private
    --> crates\engine\src\godtools.rs:1375:58
     |
1375 |                         let top_y = scan_topmost_y(&self.voxel, col_x, col_z, cy);
     |                                                          ^^^^^ private field
     |
help: a method `voxel` also exists, call it with parentheses
     |
1375 |                         let top_y = scan_topmost_y(&self.voxel(), col_x, col_z, cy);
     |                                                               ++

error[E0616]: field `voxel` of struct `Simulation` is private
    --> crates\engine\src\godtools.rs:1412:58
     |
1412 |                         let top_y = scan_topmost_y(&self.voxel, col_x, col_z, cy);
     |                                                          ^^^^^ private field
     |
help: a method `voxel` also exists, call it with parentheses
     |
1412 |                         let top_y = scan_topmost_y(&self.voxel(), col_x, col_z, cy);
     |                                                               ++

error[E0308]: mismatched types
    --> crates\engine\src\godtools.rs:1479:33
     |
1479 |         let target = MaterialId(req.material_id as u8);
     |                      ---------- ^^^^^^^^^^^^^^^^^^^^^ expected `u16`, found `u8`
     |                      |
     |                      arguments to this struct are incorrect
     |
note: tuple struct defined here
    --> E:\Dev\.cargo\git\checkouts\phenotype-gfx-8c434bb1d9734182\7ed2721\src\voxel\material.rs:11:12
     |
  11 | pub struct MaterialId(pub u16);
     |            ^^^^^^^^^^
help: you can convert a `u8` to a `u16`
     |
1479 |         let target = MaterialId((req.material_id as u8).into());
     |                                 +                     ++++++++

error[E0616]: field `voxel` of struct `Simulation` is private
    --> crates\engine\src\godtools.rs:1544:58
     |
1544 |                         let top_y = scan_topmost_y(&self.voxel, col_x, col_z, cy);
     |                                                          ^^^^^ private field
     |
help: a method `voxel` also exists, call it with parentheses
     |
1544 |                         let top_y = scan_topmost_y(&self.voxel(), col_x, col_z, cy);
     |                                                               ++

error[E0616]: field `voxel` of struct `Simulation` is private
    --> crates\engine\src\godtools.rs:1634:54
     |
1634 | ...                   scan_topmost_y(&self.voxel, col_x, col_z, cy);
     |                                            ^^^^^ private field
     |
help: a method `voxel` also exists, call it with parentheses
     |
1634 |                                 scan_topmost_y(&self.voxel(), col_x, col_z, cy);
     |                                                           ++

error[E0616]: field `voxel` of struct `Simulation` is private
    --> crates\engine\src\godtools.rs:1667:54
     |
1667 | ...                   scan_topmost_y(&self.voxel, col_x, col_z, cy);
     |                                            ^^^^^ private field
     |
help: a method `voxel` also exists, call it with parentheses
     |
1667 |                                 scan_topmost_y(&self.voxel(), col_x, col_z, cy);
     |                                                           ++

error[E0616]: field `voxel` of struct `Simulation` is private
    --> crates\engine\src\godtools.rs:1718:50
     |
1718 | ...                   scan_topmost_y(&self.voxel, col_x, col_z, cy);
     |                                            ^^^^^ private field
     |
help: a method `voxel` also exists, call it with parentheses
     |
1718 |                             scan_topmost_y(&self.voxel(), col_x, col_z, cy);
     |                                                       ++

error[E0616]: field `voxel` of struct `Simulation` is private
    --> crates\engine\src\godtools.rs:2007:51
     |
2007 |                     let top = topmost_voxel(&self.voxel, cell);
     |                                                   ^^^^^ private field
     |
help: a method `voxel` also exists, call it with parentheses
     |
2007 |                     let top = topmost_voxel(&self.voxel(), cell);
     |                                                        ++

error[E0599]: no associated function or constant named `PLANT` found for struct `MaterialId` in the current scope
    --> crates\engine\src\godtools.rs:2010:42
     |
2010 |                         Some(MaterialId::PLANT) | Some(MaterialId::MOSS) | Some(MaterialId::WOOD)
     |                                          ^^^^^ associated function or constant not found in `MaterialId`

error[E0599]: no associated function or constant named `MOSS` found for struct `MaterialId` in the current scope
    --> crates\engine\src\godtools.rs:2010:68
     |
2010 |                         Some(MaterialId::PLANT) | Some(MaterialId::MOSS) | Some(MaterialId::WOOD)
     |                                                                    ^^^^ associated function or constant not found in `MaterialId`

error[E0599]: no associated function or constant named `WOOD` found for struct `MaterialId` in the current scope
    --> crates\engine\src\godtools.rs:2010:93
     |
2010 |                         Some(MaterialId::PLANT) | Some(MaterialId::MOSS) | Some(MaterialId::WOOD)
     |                                                                                             ^^^^ associated function or constant not found in `MaterialId`

error[E0599]: no associated function or constant named `AIR` found for struct `MaterialId` in the current scope
    --> crates\engine\src\godtools.rs:2012:43
     |
2012 |                     if mat != MaterialId::AIR && mat != MaterialId::WATER {
     |                                           ^^^ associated function or constant not found in `MaterialId`

error[E0599]: no associated function or constant named `WATER` found for struct `MaterialId` in the current scope
    --> crates\engine\src\godtools.rs:2012:69
     |
2012 |                     if mat != MaterialId::AIR && mat != MaterialId::WATER {
     |                                                                     ^^^^^ associated function or constant not found in `MaterialId`

error[E0599]: no associated function or constant named `LAVA` found for struct `MaterialId` in the current scope
    --> crates\engine\src\godtools.rs:2015:65
     |
2015 |                         self.push_voxel_write(cell, MaterialId::LAVA);
     |                                                                 ^^^^ associated function or constant not found in `MaterialId`

error[E0599]: no associated function or constant named `LAVA` found for struct `MaterialId` in the current scope
    --> crates\engine\src\godtools.rs:2019:65
     |
2019 |                         self.push_voxel_write(cell, MaterialId::LAVA);
     |                                                                 ^^^^ associated function or constant not found in `MaterialId`

error[E0599]: no associated function or constant named `WATER` found for struct `MaterialId` in the current scope
    --> crates\engine\src\godtools.rs:2068:54
     |
2068 |                     let next = if mat == MaterialId::WATER {
     |                                                      ^^^^^ associated function or constant not found in `MaterialId`

error[E0599]: no associated function or constant named `STEAM` found for struct `MaterialId` in the current scope
    --> crates\engine\src\godtools.rs:2069:37
     |
2069 |                         MaterialId::STEAM
     |                                     ^^^^^ associated function or constant not found in `MaterialId`

error[E0599]: no associated function or constant named `AIR` found for struct `MaterialId` in the current scope
    --> crates\engine\src\godtools.rs:2071:37
     |
2071 |                         MaterialId::AIR
     |                                     ^^^ associated function or constant not found in `MaterialId`

error[E0599]: no associated function or constant named `LAVA` found for struct `MaterialId` in the current scope
    --> crates\engine\src\godtools.rs:2106:61
     |
2106 |                     self.push_voxel_write(cell, MaterialId::LAVA);
     |                                                             ^^^^ associated function or constant not found in `MaterialId`

error[E0599]: no associated function or constant named `STEAM` found for struct `MaterialId` in the current scope
    --> crates\engine\src\godtools.rs:2116:61
     |
2116 |                     self.push_voxel_write(cell, MaterialId::STEAM);
     |                                                             ^^^^^ associated function or constant not found in `MaterialId`

error[E0609]: no field `raw` on type `FixedI32<UInt<UInt<UInt<UInt<UInt<UTerm, B1>, B0>, B0>, B0>, B0>>`
  --> crates\engine\src\invariants.rs:51:39
   |
51 |     if sim.state.energy_budget_joules.raw < Fixed::ZERO.raw {
   |                                       ^^^ unknown field

error[E0609]: no field `raw` on type `FixedI32<UInt<UInt<UInt<UInt<UInt<UTerm, B1>, B0>, B0>, B0>, B0>>`
  --> crates\engine\src\invariants.rs:51:57
   |
51 |     if sim.state.energy_budget_joules.raw < Fixed::ZERO.raw {
   |                                                         ^^^ unknown field

error[E0609]: no field `raw` on type `FixedI32<UInt<UInt<UInt<UInt<UInt<UTerm, B1>, B0>, B0>, B0>, B0>>`
  --> crates\engine\src\invariants.rs:53:49
   |
53 |             raw: sim.state.energy_budget_joules.raw,
   |                                                 ^^^ unknown field

error[E0599]: no method named `next_u32` found for struct `ChaCha8Rng` in the current scope
   --> crates\engine\src\language.rs:136:32
    |
136 |     let feature_len = 2 + (rng.next_u32() % 2) as usize;
    |                                ^^^^^^^^
    |
   ::: E:\Dev\.cargo\registry\src\index.crates.io-1949cf8c6b5b557f\rand_core-0.6.4\src\lib.rs:148:8
    |
148 |     fn next_u32(&mut self) -> u32;
    |        -------- the method is available for `ChaCha8Rng` here
    |
    = help: items from traits can only be used if the trait is in scope
help: trait `RngCore` which provides `next_u32` is implemented but not in scope; perhaps you want to import it
    |
  1 + use rand::RngCore;
    |
help: there is a method `next_u64` with a similar name
    |
136 -     let feature_len = 2 + (rng.next_u32() % 2) as usize;
136 +     let feature_len = 2 + (rng.next_u64() % 2) as usize;
    |

error[E0599]: no method named `next_u32` found for struct `ChaCha8Rng` in the current scope
   --> crates\engine\src\language.rs:141:30
    |
141 |             let drift = (rng.next_u32() as f32 / u32::MAX as f32 - 0.5) * 0.4;
    |                              ^^^^^^^^
    |
   ::: E:\Dev\.cargo\registry\src\index.crates.io-1949cf8c6b5b557f\rand_core-0.6.4\src\lib.rs:148:8
    |
148 |     fn next_u32(&mut self) -> u32;
    |        -------- the method is available for `ChaCha8Rng` here
    |
    = help: items from traits can only be used if the trait is in scope
help: trait `RngCore` which provides `next_u32` is implemented but not in scope; perhaps you want to import it
    |
  1 + use rand::RngCore;
    |
help: there is a method `next_u64` with a similar name
    |
141 -             let drift = (rng.next_u32() as f32 / u32::MAX as f32 - 0.5) * 0.4;
141 +             let drift = (rng.next_u64() as f32 / u32::MAX as f32 - 0.5) * 0.4;
    |

error[E0277]: the trait bound `civ_institutions::InstitutionKind: std::cmp::Ord` is not satisfied
    --> crates\engine\src\save.rs:52:33
     |
  52 |     institution_levels_emitted: BTreeSet<(u32, InstitutionKind, u8)>,
     |                                 ^^^^^^^^^^^^^^^^^^^^^^^^^^^^^^^^^^^^ the trait `std::cmp::Ord` is not implemented for `civ_institutions::InstitutionKind`
     |
help: the trait `Deserialize<'_>` is implemented for `BTreeSet<T>`
    --> E:\Dev\.cargo\registry\src\index.crates.io-1949cf8c6b5b557f\serde_core-1.0.228\src\de\impls.rs:989:9
     |
 989 | /         impl<'de, T $(, $typaram)*> Deserialize<'de> for $ty<T $(, $typaram)*>
 990 | |         where
 991 | |             T: Deserialize<'de> $(+ $tbound1 $(+ $tbound2)*)*,
     | |______________________________________________________________^
...
1087 | / seq_impl!(
1088 | |     #[cfg(any(feature = "std", feature = "alloc"))]
1089 | |     #[cfg_attr(docsrs, doc(cfg(any(feature = "std", feature = "alloc"))))]
1090 | |     BTreeSet<T: Eq + Ord>,
...    |
1095 | |     BTreeSet::insert
1096 | | );
     | |_- in this macro invocation
     = note: required for `(u32, civ_institutions::InstitutionKind, u8)` to implement `std::cmp::Ord`
     = note: required for `BTreeSet<(u32, civ_institutions::InstitutionKind, u8)>` to implement `Deserialize<'_>`
note: required by a bound in `next_element`
    --> E:\Dev\.cargo\registry\src\index.crates.io-1949cf8c6b5b557f\serde_core-1.0.228\src\de\mod.rs:1771:12
     |
1769 |     fn next_element<T>(&mut self) -> Result<Option<T>, Self::Error>
     |        ------------ required by a bound in this associated function
1770 |     where
1771 |         T: Deserialize<'de>,
     |            ^^^^^^^^^^^^^^^^ required by this bound in `SeqAccess::next_element`
     = note: this error originates in the macro `seq_impl` (in Nightly builds, run with -Z macro-backtrace for more info)

error[E0277]: the trait bound `civ_institutions::InstitutionKind: std::cmp::Ord` is not satisfied
    --> crates\engine\src\save.rs:52:33
     |
  52 |     institution_levels_emitted: BTreeSet<(u32, InstitutionKind, u8)>,
     |                                 ^^^^^^^^^^^^^^^^^^^^^^^^^^^^^^^^^^^^ the trait `std::cmp::Ord` is not implemented for `civ_institutions::InstitutionKind`
     |
help: the trait `Deserialize<'_>` is implemented for `BTreeSet<T>`
    --> E:\Dev\.cargo\registry\src\index.crates.io-1949cf8c6b5b557f\serde_core-1.0.228\src\de\impls.rs:989:9
     |
 989 | /         impl<'de, T $(, $typaram)*> Deserialize<'de> for $ty<T $(, $typaram)*>
 990 | |         where
 991 | |             T: Deserialize<'de> $(+ $tbound1 $(+ $tbound2)*)*,
     | |______________________________________________________________^
...
1087 | / seq_impl!(
1088 | |     #[cfg(any(feature = "std", feature = "alloc"))]
1089 | |     #[cfg_attr(docsrs, doc(cfg(any(feature = "std", feature = "alloc"))))]
1090 | |     BTreeSet<T: Eq + Ord>,
...    |
1095 | |     BTreeSet::insert
1096 | | );
     | |_- in this macro invocation
     = note: required for `(u32, civ_institutions::InstitutionKind, u8)` to implement `std::cmp::Ord`
     = note: required for `BTreeSet<(u32, civ_institutions::InstitutionKind, u8)>` to implement `Deserialize<'_>`
note: required by a bound in `next_value`
    --> E:\Dev\.cargo\registry\src\index.crates.io-1949cf8c6b5b557f\serde_core-1.0.228\src\de\mod.rs:1916:12
     |
1914 |     fn next_value<V>(&mut self) -> Result<V, Self::Error>
     |        ---------- required by a bound in this associated function
1915 |     where
1916 |         V: Deserialize<'de>,
     |            ^^^^^^^^^^^^^^^^ required by this bound in `MapAccess::next_value`
     = note: this error originates in the macro `seq_impl` (in Nightly builds, run with -Z macro-backtrace for more info)

error[E0277]: the trait bound `civ_institutions::InstitutionKind: std::cmp::Ord` is not satisfied
    --> crates\engine\src\save.rs:31:46
     |
  31 | #[derive(Debug, Clone, PartialEq, Serialize, Deserialize)]
     |                                              ^^^^^^^^^^^ the trait `std::cmp::Ord` is not implemented for `civ_institutions::InstitutionKind`
     |
help: the trait `Deserialize<'_>` is implemented for `BTreeSet<T>`
    --> E:\Dev\.cargo\registry\src\index.crates.io-1949cf8c6b5b557f\serde_core-1.0.228\src\de\impls.rs:989:9
     |
 989 | /         impl<'de, T $(, $typaram)*> Deserialize<'de> for $ty<T $(, $typaram)*>
 990 | |         where
 991 | |             T: Deserialize<'de> $(+ $tbound1 $(+ $tbound2)*)*,
     | |______________________________________________________________^
...
1087 | / seq_impl!(
1088 | |     #[cfg(any(feature = "std", feature = "alloc"))]
1089 | |     #[cfg_attr(docsrs, doc(cfg(any(feature = "std", feature = "alloc"))))]
1090 | |     BTreeSet<T: Eq + Ord>,
...    |
1095 | |     BTreeSet::insert
1096 | | );
     | |_- in this macro invocation
     = note: required for `(u32, civ_institutions::InstitutionKind, u8)` to implement `std::cmp::Ord`
     = note: required for `BTreeSet<(u32, civ_institutions::InstitutionKind, u8)>` to implement `Deserialize<'_>`
note: required by a bound in `building_layouts::_::_serde::__private228::de::missing_field`
    --> E:\Dev\.cargo\registry\src\index.crates.io-1949cf8c6b5b557f\serde-1.0.228\src\private\de.rs:26:8
     |
  24 | pub fn missing_field<'de, V, E>(field: &'static str) -> Result<V, E>
     |        ------------- required by a bound in this function
  25 | where
  26 |     V: Deserialize<'de>,
     |        ^^^^^^^^^^^^^^^^ required by this bound in `missing_field`
     = note: this error originates in the derive macro `Deserialize` which comes from the expansion of the macro `seq_impl` (in Nightly builds, run with -Z macro-backtrace for more info)

error[E0308]: mismatched types
    --> crates\engine\src\save.rs:251:41
     |
 251 |     let mut sim = Simulation::with_seed(saved.state.rng_seed);
     |                   --------------------- ^^^^^^^^^^^^^^^^^^^^ expected `SimSeed`, found `u64`
     |                   |
     |                   arguments to this function are incorrect
     |
note: associated function defined here
    --> crates\engine\src\engine.rs:1562:12
     |
1562 |     pub fn with_seed(seed: SimSeed) -> Self {
     |            ^^^^^^^^^ -------------
help: try wrapping the expression in `engine::SimSeed`
     |
 251 |     let mut sim = Simulation::with_seed(engine::SimSeed(saved.state.rng_seed));
     |                                         ++++++++++++++++                    +

error[E0308]: mismatched types
    --> crates\engine\src\scenario.rs:280:45
     |
 280 |         let mut sim = Simulation::with_seed(rng_seed);
     |                       --------------------- ^^^^^^^^ expected `SimSeed`, found `u64`
     |                       |
     |                       arguments to this function are incorrect
     |
note: associated function defined here
    --> crates\engine\src\engine.rs:1562:12
     |
1562 |     pub fn with_seed(seed: SimSeed) -> Self {
     |            ^^^^^^^^^ -------------
help: try wrapping the expression in `engine::SimSeed`
     |
 280 |         let mut sim = Simulation::with_seed(engine::SimSeed(rng_seed));
     |                                             ++++++++++++++++        +

warning: unused variable: `metal_available`
  --> crates\engine\src\building_layouts.rs:61:9
   |
61 |         metal_available: f32,
   |         ^^^^^^^^^^^^^^^ help: if this is intentional, prefix it with an underscore: `_metal_available`
   |
   = note: `#[warn(unused_variables)]` (part of `#[warn(unused)]`) on by default

error[E0382]: borrow of moved value: `waypoints`
   --> crates\engine\src\daily_path.rs:111:31
    |
 93 |     let mut waypoints = vec![start];
    |         ------------- move occurs because `waypoints` has type `Vec<IVec3>`, which does not implement the `Copy` trait
...
109 |         waypoints,
    |         --------- value moved here
110 |         current_idx: 0,
111 |         completed: !failed && waypoints.len() <= 1,
    |                               ^^^^^^^^^ value borrowed here after move
    |
help: consider cloning the value if the performance cost is acceptable
    |
109 |         waypoints: waypoints.clone(),
    |                  +++++++++++++++++++

error[E0382]: borrow of moved value: `affected`
   --> crates\engine\src\disasters.rs:217:29
    |
185 |     let affected = positions_in_radius(pos, radius);
    |         -------- move occurs because `affected` has type `Vec<WorldCoord>`, which does not implement the `Copy` trait
...
214 |             for cell in affected {
    |                         -------- `affected` moved due to this implicit call to `.into_iter()`
...
217 |             terrain_cells = affected.len() as u32;
    |                             ^^^^^^^^ value borrowed here after move
    |
note: `into_iter` takes ownership of the receiver `self`, which moves `affected`
   --> C:\Users\koosh\.rustup\toolchains\stable-x86_64-pc-windows-msvc\lib/rustlib/src/rust\library\core\src\iter\traits\collect.rs:312:18
    |
312 |     fn into_iter(self) -> Self::IntoIter;
    |                  ^^^^
help: consider iterating over a slice of the `Vec<WorldCoord>`'s content to avoid moving into the `for` loop
    |
214 |             for cell in &affected {
    |                         +

warning: value assigned to `casualties` is never read
   --> crates\engine\src\disasters.rs:187:26
    |
187 |     let mut casualties = 0u32;
    |                          ^^^^ this value is reassigned later and never used
...
211 |             casualties = impact.1;
    |             --------------------- `casualties` is overwritten here before the previous value is read
    |
    = note: `#[warn(unused_assignments)]` (part of `#[warn(unused)]`) on by default

warning: value assigned to `impact` is never read
   --> crates\engine\src\disasters.rs:188:22
    |
188 |       let mut impact = (0i32, 0u32, 0.0_f32);
    |                        ^^^^^^^^^^^^^^^^^^^^^ this value is reassigned later and never used
...
205 | /             impact = hit_agents(
206 | |                 sim,
207 | |                 pos,
208 | |                 radius,
209 | |                 DisasterEffect::new(0.28, 0.35, 0.25, 0.55, true),
210 | |             );
    | |_____________- `impact` is overwritten here before the previous value is read

warning: variable `cumulative` is assigned to, but never used
    --> crates\engine\src\engine.rs:1104:9
     |
1104 |     let mut cumulative = 0.0_f64;
     |         ^^^^^^^^^^^^^^
     |
     = note: consider using `_cumulative` instead

warning: value assigned to `cumulative` is never read
    --> crates\engine\src\engine.rs:1107:9
     |
1107 |         cumulative += *w as f64;
     |         ^^^^^^^^^^^^^^^^^^^^^^^
     |
     = help: maybe it is overwritten before being read?

error[E0596]: cannot borrow `*site` as mutable, as it is behind a `&` reference
    --> crates\engine\src\engine.rs:2548:31
     |
2546 |         for site in self.build_sites.iter() {
     |                     -----------------------
     |                     |                |
     |                     |                help: use mutable method: `iter_mut()`
     |                     this iterator yields `&` references
2547 |             if completed_ids.contains(&site.id()) {
2548 |                 events.extend(site.produce_and_collect(&mut self.economy_state, tick));
     |                               ^^^^ `site` is a `&` reference, so it cannot be borrowed as mutable

error[E0499]: cannot borrow `*sim` as mutable more than once at a time
   --> crates\engine\src\era.rs:272:29
    |
272 |     tick_research(sim, &mut sim.era_progression_mut().faction_tech);
    |     ------------- ---       ^^^ second mutable borrow occurs here
    |     |             |
    |     |             first mutable borrow occurs here
    |     first borrow later used by call
    |
help: try adding a local storing this argument...
   --> crates\engine\src\era.rs:272:29
    |
272 |     tick_research(sim, &mut sim.era_progression_mut().faction_tech);
    |                             ^^^^^^^^^^^^^^^^^^^^^^^^^
help: ...and then using that local as the argument to this call
   --> crates\engine\src\era.rs:272:5
    |
272 |     tick_research(sim, &mut sim.era_progression_mut().faction_tech);
    |     ^^^^^^^^^^^^^^^^^^^^^^^^^^^^^^^^^^^^^^^^^^^^^^^^^^^^^^^^^^^^^^^

error[E0502]: cannot borrow `*sim` as immutable because it is also borrowed as mutable
   --> crates\engine\src\era.rs:279:31
    |
277 |     let progression = sim.era_progression_mut();
    |                       --- mutable borrow occurs here
278 |     tick_tech(&mut progression.faction_tech);
279 |     progression.evaluate_eras(sim);
    |                 ------------- ^^^ immutable borrow occurs here
    |                 |
    |                 mutable borrow later used by call

error[E0515]: cannot return value referencing temporary value
   --> crates\engine\src\godtools.rs:780:5
    |
780 | //     world
781 | ||         .query::<(&Position3d, &Civilian)>()
    | ||____________________________________________- temporary value created here
782 | |          .iter()
783 | |          .filter_map(|(entity, (pos, civ))| {
...   |
792 | |          })
793 | |          .collect()
    | |___________________^ returns a value referencing data owned by the current function

error[E0502]: cannot borrow `self.world` as mutable because it is also borrowed as immutable
    --> crates\engine\src\godtools.rs:1866:24
     |
1859 |                 let affected = actors_in_footprint(&self.world, e.center, e.radius_voxels);
     |                                                    ----------- immutable borrow occurs here
...
1865 |                 for (entity, _, _) in &affected {
     |                                       --------- immutable borrow later used here
1866 |                     if self.world.despawn(*entity).is_ok() {
     |                        ^^^^^^^^^^^^^^^^^^^^^^^^^^^ mutable borrow occurs here

Some errors have detailed explanations: E0061, E0062, E0063, E0277, E0308, E0369, E0382, E0425, E0499...
For more information about an error, try `rustc --explain E0061`.
warning: `civ-engine` (lib) generated 19 warnings
error: could not compile `civ-engine` (lib) due to 207 previous errors; 19 warnings emitted
